SettlementPoint,month_of_year,day_of_week,Hour,NormalizedPrice
HB_HOUSTON,1,Friday,0,0.7902096800862972
HB_HOUSTON,1,Friday,1,0.7419509775359637
HB_HOUSTON,1,Friday,2,0.7381006747872096
HB_HOUSTON,1,Friday,3,0.7576356464020535
HB_HOUSTON,1,Friday,4,0.8228781997275655
HB_HOUSTON,1,Friday,5,0.9827720605025078
HB_HOUSTON,1,Friday,6,1.585285386959363
HB_HOUSTON,1,Friday,7,1.3857546672125856
HB_HOUSTON,1,Friday,8,1.1443902899931497
HB_HOUSTON,1,Friday,9,1.099037030621324
HB_HOUSTON,1,Friday,10,1.0502350338180988
HB_HOUSTON,1,Friday,11,0.9860790689983701
HB_HOUSTON,1,Friday,12,0.9463004810909978
HB_HOUSTON,1,Friday,13,0.9174113997307151
HB_HOUSTON,1,Friday,14,0.8914041400596837
HB_HOUSTON,1,Friday,15,0.8736880231175642
HB_HOUSTON,1,Friday,16,0.904065258300985
HB_HOUSTON,1,Friday,17,1.3253545191845864
HB_HOUSTON,1,Friday,18,1.3180082360259207
HB_HOUSTON,1,Friday,19,1.0777776902907805
HB_HOUSTON,1,Friday,20,1.011401305480973
HB_HOUSTON,1,Friday,21,0.9552766470083384
HB_HOUSTON,1,Friday,22,0.8772784894845004
HB_HOUSTON,1,Friday,23,0.8177050935804666
HB_HOUSTON,1,Monday,0,0.7507586923260482
HB_HOUSTON,1,Monday,1,0.7216967757330751
HB_HOUSTON,1,Monday,2,0.7170926853918389
HB_HOUSTON,1,Monday,3,0.7369688802796143
HB_HOUSTON,1,Monday,4,0.8008197526705128
HB_HOUSTON,1,Monday,5,0.906668912564394
HB_HOUSTON,1,Monday,6,1.50288738226583
HB_HOUSTON,1,Monday,7,1.3872685672576184
HB_HOUSTON,1,Monday,8,1.1700004211058237
HB_HOUSTON,1,Monday,9,1.14576718462683
HB_HOUSTON,1,Monday,10,1.060355694052582
HB_HOUSTON,1,Monday,11,0.9667242177959321
HB_HOUSTON,1,Monday,12,0.9370109908620036
HB_HOUSTON,1,Monday,13,0.9180106960879267
HB_HOUSTON,1,Monday,14,0.9063994048371021
HB_HOUSTON,1,Monday,15,0.8798304347215788
HB_HOUSTON,1,Monday,16,0.9110933310874355
HB_HOUSTON,1,Monday,17,1.3371625889586052
HB_HOUSTON,1,Monday,18,1.4039106694178913
HB_HOUSTON,1,Monday,19,1.1205906711023146
HB_HOUSTON,1,Monday,20,1.046700635869794
HB_HOUSTON,1,Monday,21,0.9788745245013405
HB_HOUSTON,1,Monday,22,0.8885445179040158
HB_HOUSTON,1,Monday,23,0.8048623685798908
HB_HOUSTON,1,Saturday,0,0.8808259102664093
HB_HOUSTON,1,Saturday,1,0.8166659825130331
HB_HOUSTON,1,Saturday,2,0.782357046098272
HB_HOUSTON,1,Saturday,3,0.7741061532777801
HB_HOUSTON,1,Saturday,4,0.8165182053281884
HB_HOUSTON,1,Saturday,5,0.8750872295882763
HB_HOUSTON,1,Saturday,6,1.0550059521366117
HB_HOUSTON,1,Saturday,7,1.1682771643200198
HB_HOUSTON,1,Saturday,8,1.3572102951438776
HB_HOUSTON,1,Saturday,9,1.3139608390460162
HB_HOUSTON,1,Saturday,10,1.153056114281023
HB_HOUSTON,1,Saturday,11,1.0665818316161078
HB_HOUSTON,1,Saturday,12,0.964787980788966
HB_HOUSTON,1,Saturday,13,0.9073026558844054
HB_HOUSTON,1,Saturday,14,0.8836829358400723
HB_HOUSTON,1,Saturday,15,0.864718197118345
HB_HOUSTON,1,Saturday,16,0.888387176224293
HB_HOUSTON,1,Saturday,17,1.1917244776487008
HB_HOUSTON,1,Saturday,18,1.3520873527359303
HB_HOUSTON,1,Saturday,19,1.1207175403308567
HB_HOUSTON,1,Saturday,20,1.0299330897746397
HB_HOUSTON,1,Saturday,21,0.9795410697426215
HB_HOUSTON,1,Saturday,22,0.9092976478798079
HB_HOUSTON,1,Saturday,23,0.8481671524157465
HB_HOUSTON,1,Sunday,0,0.8488734831778374
HB_HOUSTON,1,Sunday,1,0.7760102946290642
HB_HOUSTON,1,Sunday,2,0.7410399267735688
HB_HOUSTON,1,Sunday,3,0.751218978606861
HB_HOUSTON,1,Sunday,4,0.7851986844834472
HB_HOUSTON,1,Sunday,5,0.8481552532431281
HB_HOUSTON,1,Sunday,6,1.0595377529928829
HB_HOUSTON,1,Sunday,7,1.1539478395829315
HB_HOUSTON,1,Sunday,8,1.2383770067354696
HB_HOUSTON,1,Sunday,9,1.1876303468658447
HB_HOUSTON,1,Sunday,10,1.0898024764485594
HB_HOUSTON,1,Sunday,11,1.023849155202678
HB_HOUSTON,1,Sunday,12,0.9641865375228704
HB_HOUSTON,1,Sunday,13,0.9303554309431206
HB_HOUSTON,1,Sunday,14,0.8994220106516801
HB_HOUSTON,1,Sunday,15,0.8976635856391163
HB_HOUSTON,1,Sunday,16,0.9223063023644832
HB_HOUSTON,1,Sunday,17,1.2745609355151288
HB_HOUSTON,1,Sunday,18,1.5443677254710548
HB_HOUSTON,1,Sunday,19,1.1946145138171547
HB_HOUSTON,1,Sunday,20,1.0839080376740495
HB_HOUSTON,1,Sunday,21,1.0132738385778222
HB_HOUSTON,1,Sunday,22,0.9147525047753005
HB_HOUSTON,1,Sunday,23,0.8569473783059475
HB_HOUSTON,1,Thursday,0,0.7083537418815237
HB_HOUSTON,1,Thursday,1,0.6782864246168645
HB_HOUSTON,1,Thursday,2,0.6842065244876054
HB_HOUSTON,1,Thursday,3,0.7087781218005732
HB_HOUSTON,1,Thursday,4,0.7894527444118891
HB_HOUSTON,1,Thursday,5,1.0263203962293845
HB_HOUSTON,1,Thursday,6,1.9187701469945946
HB_HOUSTON,1,Thursday,7,1.6970104202952623
HB_HOUSTON,1,Thursday,8,1.2391469256327239
HB_HOUSTON,1,Thursday,9,1.0938816793420696
HB_HOUSTON,1,Thursday,10,1.0362296673391909
HB_HOUSTON,1,Thursday,11,0.9464520954642628
HB_HOUSTON,1,Thursday,12,0.905138710344791
HB_HOUSTON,1,Thursday,13,0.8820948807404014
HB_HOUSTON,1,Thursday,14,0.8512000226335957
HB_HOUSTON,1,Thursday,15,0.8496934739209698
HB_HOUSTON,1,Thursday,16,0.8760474668939456
HB_HOUSTON,1,Thursday,17,1.2467221071877581
HB_HOUSTON,1,Thursday,18,1.2904756768417647
HB_HOUSTON,1,Thursday,19,1.0419375772504071
HB_HOUSTON,1,Thursday,20,0.9868106257658731
HB_HOUSTON,1,Thursday,21,0.911865132061726
HB_HOUSTON,1,Thursday,22,0.8491417800262054
HB_HOUSTON,1,Thursday,23,0.7819836578366173
HB_HOUSTON,1,Tuesday,0,0.6262896561818382
HB_HOUSTON,1,Tuesday,1,0.6017573529294784
HB_HOUSTON,1,Tuesday,2,0.5985500167844228
HB_HOUSTON,1,Tuesday,3,0.6312533906920432
HB_HOUSTON,1,Tuesday,4,0.7210206201804444
HB_HOUSTON,1,Tuesday,5,0.8726245268940545
HB_HOUSTON,1,Tuesday,6,1.5447141795758235
HB_HOUSTON,1,Tuesday,7,1.4949622867543062
HB_HOUSTON,1,Tuesday,8,1.1849197927322654
HB_HOUSTON,1,Tuesday,9,1.128753227620637
HB_HOUSTON,1,Tuesday,10,1.0224147613827819
HB_HOUSTON,1,Tuesday,11,0.9487414864793917
HB_HOUSTON,1,Tuesday,12,0.9110743780615661
HB_HOUSTON,1,Tuesday,13,0.888222108028045
HB_HOUSTON,1,Tuesday,14,0.8820938050365996
HB_HOUSTON,1,Tuesday,15,0.8768818838008843
HB_HOUSTON,1,Tuesday,16,0.929573834755369
HB_HOUSTON,1,Tuesday,17,1.4905712908414326
HB_HOUSTON,1,Tuesday,18,1.6443706955114794
HB_HOUSTON,1,Tuesday,19,1.2278560962455394
HB_HOUSTON,1,Tuesday,20,1.0859887456865625
HB_HOUSTON,1,Tuesday,21,1.0003643253855248
HB_HOUSTON,1,Tuesday,22,0.8845756722917021
HB_HOUSTON,1,Tuesday,23,0.8024258661478079
HB_HOUSTON,1,Wednesday,0,0.5682863134496204
HB_HOUSTON,1,Wednesday,1,0.5511943181882184
HB_HOUSTON,1,Wednesday,2,0.5571419720753145
HB_HOUSTON,1,Wednesday,3,0.5807673750157233
HB_HOUSTON,1,Wednesday,4,0.690829010582994
HB_HOUSTON,1,Wednesday,5,1.0539062455998063
HB_HOUSTON,1,Wednesday,6,3.4022382553548596
HB_HOUSTON,1,Wednesday,7,3.412947036217232
HB_HOUSTON,1,Wednesday,8,1.5581050864831678
HB_HOUSTON,1,Wednesday,9,0.8988917613353683
HB_HOUSTON,1,Wednesday,10,0.8578889959016008
HB_HOUSTON,1,Wednesday,11,0.7878538694482462
HB_HOUSTON,1,Wednesday,12,0.7400773870875081
HB_HOUSTON,1,Wednesday,13,0.7102940596680353
HB_HOUSTON,1,Wednesday,14,0.68190752975235
HB_HOUSTON,1,Wednesday,15,0.6740824598655394
HB_HOUSTON,1,Wednesday,16,0.6926763879267132
HB_HOUSTON,1,Wednesday,17,0.9609816632779307
HB_HOUSTON,1,Wednesday,18,1.031136944355267
HB_HOUSTON,1,Wednesday,19,0.8322359836815001
HB_HOUSTON,1,Wednesday,20,0.7749222280422118
HB_HOUSTON,1,Wednesday,21,0.7176234917309212
HB_HOUSTON,1,Wednesday,22,0.6610306638355232
HB_HOUSTON,1,Wednesday,23,0.6029809611243468
HB_HOUSTON,2,Friday,0,0.7081597629929367
HB_HOUSTON,2,Friday,1,0.6624636450674711
HB_HOUSTON,2,Friday,2,0.6397745542569142
HB_HOUSTON,2,Friday,3,0.6740249652257168
HB_HOUSTON,2,Friday,4,0.737641129396463
HB_HOUSTON,2,Friday,5,0.8551908521054248
HB_HOUSTON,2,Friday,6,1.5406615242878046
HB_HOUSTON,2,Friday,7,1.2598370576440197
HB_HOUSTON,2,Friday,8,1.1579818270498763
HB_HOUSTON,2,Friday,9,1.1299745289665264
HB_HOUSTON,2,Friday,10,1.0785266542623335
HB_HOUSTON,2,Friday,11,1.0621673862384162
HB_HOUSTON,2,Friday,12,1.0264429069494374
HB_HOUSTON,2,Friday,13,1.0332062792420111
HB_HOUSTON,2,Friday,14,1.0532073631157757
HB_HOUSTON,2,Friday,15,1.0288129775818777
HB_HOUSTON,2,Friday,16,1.0269920696569539
HB_HOUSTON,2,Friday,17,1.1787054934335315
HB_HOUSTON,2,Friday,18,1.5132322922123669
HB_HOUSTON,2,Friday,19,1.0674277869104178
HB_HOUSTON,2,Friday,20,0.9938110808027891
HB_HOUSTON,2,Friday,21,0.9526238777390393
HB_HOUSTON,2,Friday,22,0.8480228336073127
HB_HOUSTON,2,Friday,23,0.771111151254584
HB_HOUSTON,2,Monday,0,0.6614284376777986
HB_HOUSTON,2,Monday,1,0.6128583877681831
HB_HOUSTON,2,Monday,2,0.5990594234107065
HB_HOUSTON,2,Monday,3,0.6295381380040476
HB_HOUSTON,2,Monday,4,0.7034014879259063
HB_HOUSTON,2,Monday,5,0.8577251874311314
HB_HOUSTON,2,Monday,6,1.4019344477173372
HB_HOUSTON,2,Monday,7,1.2913986935636044
HB_HOUSTON,2,Monday,8,1.1326097759468785
HB_HOUSTON,2,Monday,9,1.1234488768536057
HB_HOUSTON,2,Monday,10,1.0633556834304398
HB_HOUSTON,2,Monday,11,1.0498447976608019
HB_HOUSTON,2,Monday,12,1.045638850278356
HB_HOUSTON,2,Monday,13,1.0671871286486956
HB_HOUSTON,2,Monday,14,1.064479189923011
HB_HOUSTON,2,Monday,15,1.0837228395906404
HB_HOUSTON,2,Monday,16,1.063557338441927
HB_HOUSTON,2,Monday,17,1.2007979776883135
HB_HOUSTON,2,Monday,18,1.6544929456755804
HB_HOUSTON,2,Monday,19,1.1513636920151817
HB_HOUSTON,2,Monday,20,1.032387235237773
HB_HOUSTON,2,Monday,21,0.948585174035477
HB_HOUSTON,2,Monday,22,0.8381934591756632
HB_HOUSTON,2,Monday,23,0.7229908318989421
HB_HOUSTON,2,Saturday,0,0.8068133144483365
HB_HOUSTON,2,Saturday,1,0.7394895269728734
HB_HOUSTON,2,Saturday,2,0.7199072918336403
HB_HOUSTON,2,Saturday,3,0.730218710336908
HB_HOUSTON,2,Saturday,4,0.770392249092758
HB_HOUSTON,2,Saturday,5,0.84944645761781
HB_HOUSTON,2,Saturday,6,0.9540427119766443
HB_HOUSTON,2,Saturday,7,1.0365655933927036
HB_HOUSTON,2,Saturday,8,1.186002328215289
HB_HOUSTON,2,Saturday,9,1.2989864642923776
HB_HOUSTON,2,Saturday,10,1.2280048035863975
HB_HOUSTON,2,Saturday,11,1.0894470882856084
HB_HOUSTON,2,Saturday,12,1.0458994768085057
HB_HOUSTON,2,Saturday,13,1.0717568565414703
HB_HOUSTON,2,Saturday,14,1.058418232606051
HB_HOUSTON,2,Saturday,15,1.0388044640768994
HB_HOUSTON,2,Saturday,16,1.0212088325025162
HB_HOUSTON,2,Saturday,17,1.151536333034642
HB_HOUSTON,2,Saturday,18,1.5157785199803442
HB_HOUSTON,2,Saturday,19,1.0703693873850673
HB_HOUSTON,2,Saturday,20,1.0238261038657308
HB_HOUSTON,2,Saturday,21,0.9445511616112512
HB_HOUSTON,2,Saturday,22,0.8687133588578606
HB_HOUSTON,2,Saturday,23,0.7798207326783148
HB_HOUSTON,2,Sunday,0,0.7474681762395344
HB_HOUSTON,2,Sunday,1,0.6896400915146661
HB_HOUSTON,2,Sunday,2,0.6374537711531996
HB_HOUSTON,2,Sunday,3,0.6569703397358976
HB_HOUSTON,2,Sunday,4,0.6856711758869242
HB_HOUSTON,2,Sunday,5,0.7357582350899157
HB_HOUSTON,2,Sunday,6,0.900419032207805
HB_HOUSTON,2,Sunday,7,0.9701538638158991
HB_HOUSTON,2,Sunday,8,1.142654089322469
HB_HOUSTON,2,Sunday,9,1.1935611724154898
HB_HOUSTON,2,Sunday,10,1.1388491784727328
HB_HOUSTON,2,Sunday,11,1.092698233941882
HB_HOUSTON,2,Sunday,12,1.0842027864411783
HB_HOUSTON,2,Sunday,13,1.0698687688434656
HB_HOUSTON,2,Sunday,14,1.0699999726658702
HB_HOUSTON,2,Sunday,15,1.061963738543583
HB_HOUSTON,2,Sunday,16,1.0514674327512075
HB_HOUSTON,2,Sunday,17,1.2203595531416482
HB_HOUSTON,2,Sunday,18,1.7611489081381904
HB_HOUSTON,2,Sunday,19,1.2373832490986572
HB_HOUSTON,2,Sunday,20,1.0970607610368381
HB_HOUSTON,2,Sunday,21,1.0176168465707969
HB_HOUSTON,2,Sunday,22,0.9197387950568959
HB_HOUSTON,2,Sunday,23,0.8178918279152533
HB_HOUSTON,2,Thursday,0,0.6423465306017114
HB_HOUSTON,2,Thursday,1,0.6100802601357455
HB_HOUSTON,2,Thursday,2,0.601762994805396
HB_HOUSTON,2,Thursday,3,0.6261249138226609
HB_HOUSTON,2,Thursday,4,0.6775326920879065
HB_HOUSTON,2,Thursday,5,0.8768226276807145
HB_HOUSTON,2,Thursday,6,1.626497273662362
HB_HOUSTON,2,Thursday,7,1.3323551206851423
HB_HOUSTON,2,Thursday,8,1.1146905173589734
HB_HOUSTON,2,Thursday,9,1.077026872582887
HB_HOUSTON,2,Thursday,10,1.0666450378442947
HB_HOUSTON,2,Thursday,11,1.0371511891551117
HB_HOUSTON,2,Thursday,12,1.017154359743846
HB_HOUSTON,2,Thursday,13,1.0246457973108982
HB_HOUSTON,2,Thursday,14,1.016181062737103
HB_HOUSTON,2,Thursday,15,1.022463252507899
HB_HOUSTON,2,Thursday,16,1.029069874614276
HB_HOUSTON,2,Thursday,17,1.1694900882234749
HB_HOUSTON,2,Thursday,18,1.60924337217919
HB_HOUSTON,2,Thursday,19,1.1474876771013447
HB_HOUSTON,2,Thursday,20,1.0608347496525257
HB_HOUSTON,2,Thursday,21,0.9867756955939877
HB_HOUSTON,2,Thursday,22,0.8666472498829463
HB_HOUSTON,2,Thursday,23,0.7609707900296044
HB_HOUSTON,2,Tuesday,0,0.6226360734904731
HB_HOUSTON,2,Tuesday,1,0.5668409847454012
HB_HOUSTON,2,Tuesday,2,0.5431939246012988
HB_HOUSTON,2,Tuesday,3,0.5818673444825396
HB_HOUSTON,2,Tuesday,4,0.6668171630761632
HB_HOUSTON,2,Tuesday,5,0.8225884301519972
HB_HOUSTON,2,Tuesday,6,1.2359031218858778
HB_HOUSTON,2,Tuesday,7,1.1126390792613037
HB_HOUSTON,2,Tuesday,8,1.0640877734970835
HB_HOUSTON,2,Tuesday,9,1.0774378859328677
HB_HOUSTON,2,Tuesday,10,1.0619625313828664
HB_HOUSTON,2,Tuesday,11,1.0568439905162317
HB_HOUSTON,2,Tuesday,12,1.058729768730255
HB_HOUSTON,2,Tuesday,13,1.1012645440021154
HB_HOUSTON,2,Tuesday,14,1.1131479400492148
HB_HOUSTON,2,Tuesday,15,1.1400277628459288
HB_HOUSTON,2,Tuesday,16,1.142422401847863
HB_HOUSTON,2,Tuesday,17,1.267662021649033
HB_HOUSTON,2,Tuesday,18,1.8382446298349568
HB_HOUSTON,2,Tuesday,19,1.1765460076254286
HB_HOUSTON,2,Tuesday,20,1.0699845720393468
HB_HOUSTON,2,Tuesday,21,0.9970678144304439
HB_HOUSTON,2,Tuesday,22,0.8822448742876884
HB_HOUSTON,2,Tuesday,23,0.7998393596336202
HB_HOUSTON,2,Wednesday,0,0.6809172172561212
HB_HOUSTON,2,Wednesday,1,0.6281503183951688
HB_HOUSTON,2,Wednesday,2,0.6075517952704117
HB_HOUSTON,2,Wednesday,3,0.6287183473347484
HB_HOUSTON,2,Wednesday,4,0.7067774821369847
HB_HOUSTON,2,Wednesday,5,0.8541361475679392
HB_HOUSTON,2,Wednesday,6,1.3722682292445214
HB_HOUSTON,2,Wednesday,7,1.1582708003228797
HB_HOUSTON,2,Wednesday,8,1.0541720230799128
HB_HOUSTON,2,Wednesday,9,1.0418248677090496
HB_HOUSTON,2,Wednesday,10,1.0418547639690274
HB_HOUSTON,2,Wednesday,11,1.0534246165804657
HB_HOUSTON,2,Wednesday,12,1.0490298663637179
HB_HOUSTON,2,Wednesday,13,1.0659212532512183
HB_HOUSTON,2,Wednesday,14,1.0836497354180992
HB_HOUSTON,2,Wednesday,15,1.1214984005500912
HB_HOUSTON,2,Wednesday,16,1.0782086161021256
HB_HOUSTON,2,Wednesday,17,1.1968668719543185
HB_HOUSTON,2,Wednesday,18,1.6963137911447277
HB_HOUSTON,2,Wednesday,19,1.201082244611199
HB_HOUSTON,2,Wednesday,20,1.09166193309217
HB_HOUSTON,2,Wednesday,21,0.9869652306496457
HB_HOUSTON,2,Wednesday,22,0.8364973541809919
HB_HOUSTON,2,Wednesday,23,0.7642380938144637
HB_HOUSTON,3,Friday,0,0.7006172929844023
HB_HOUSTON,3,Friday,1,0.6273733876184316
HB_HOUSTON,3,Friday,2,0.5946384196831288
HB_HOUSTON,3,Friday,3,0.5945681729708212
HB_HOUSTON,3,Friday,4,0.6455672861060784
HB_HOUSTON,3,Friday,5,0.7781696633719007
HB_HOUSTON,3,Friday,6,1.1773114827032105
HB_HOUSTON,3,Friday,7,1.0579623184927398
HB_HOUSTON,3,Friday,8,1.0038255188744136
HB_HOUSTON,3,Friday,9,1.0836023684849831
HB_HOUSTON,3,Friday,10,1.0509844784035263
HB_HOUSTON,3,Friday,11,1.0444515341589273
HB_HOUSTON,3,Friday,12,1.063441562052726
HB_HOUSTON,3,Friday,13,1.1489083953602046
HB_HOUSTON,3,Friday,14,1.228099855701545
HB_HOUSTON,3,Friday,15,1.3652214381258176
HB_HOUSTON,3,Friday,16,1.3818699089426991
HB_HOUSTON,3,Friday,17,1.207142919863136
HB_HOUSTON,3,Friday,18,1.2640661724029938
HB_HOUSTON,3,Friday,19,1.181057974026278
HB_HOUSTON,3,Friday,20,1.1088443537741508
HB_HOUSTON,3,Friday,21,0.9954661601098189
HB_HOUSTON,3,Friday,22,0.8925078954377687
HB_HOUSTON,3,Friday,23,0.8043014403502969
HB_HOUSTON,3,Monday,0,0.5722562275057613
HB_HOUSTON,3,Monday,1,0.5199236350036699
HB_HOUSTON,3,Monday,2,0.4909146359092685
HB_HOUSTON,3,Monday,3,0.5034717720913358
HB_HOUSTON,3,Monday,4,0.5630789978539832
HB_HOUSTON,3,Monday,5,0.7189576010124796
HB_HOUSTON,3,Monday,6,1.1663811217671016
HB_HOUSTON,3,Monday,7,1.114720033873677
HB_HOUSTON,3,Monday,8,0.9636762638975807
HB_HOUSTON,3,Monday,9,0.9758081138274922
HB_HOUSTON,3,Monday,10,0.9959980190614044
HB_HOUSTON,3,Monday,11,1.031722064242473
HB_HOUSTON,3,Monday,12,1.0236863924254278
HB_HOUSTON,3,Monday,13,1.121323162525566
HB_HOUSTON,3,Monday,14,1.2385454837118164
HB_HOUSTON,3,Monday,15,1.389880239018335
HB_HOUSTON,3,Monday,16,1.5493178166027648
HB_HOUSTON,3,Monday,17,1.42829030263407
HB_HOUSTON,3,Monday,18,1.5683661640019437
HB_HOUSTON,3,Monday,19,1.425962419990692
HB_HOUSTON,3,Monday,20,1.1859890563401694
HB_HOUSTON,3,Monday,21,0.9300562664903345
HB_HOUSTON,3,Monday,22,0.8088720681129508
HB_HOUSTON,3,Monday,23,0.7128021420997016
HB_HOUSTON,3,Saturday,0,0.7276169271662742
HB_HOUSTON,3,Saturday,1,0.6569888408337972
HB_HOUSTON,3,Saturday,2,0.6200555428224446
HB_HOUSTON,3,Saturday,3,0.6119116434543707
HB_HOUSTON,3,Saturday,4,0.6541789574260992
HB_HOUSTON,3,Saturday,5,0.6970177731078679
HB_HOUSTON,3,Saturday,6,0.7813619004813115
HB_HOUSTON,3,Saturday,7,0.8345353720863086
HB_HOUSTON,3,Saturday,8,0.9709099676446689
HB_HOUSTON,3,Saturday,9,1.1035459895165156
HB_HOUSTON,3,Saturday,10,1.1199052259664182
HB_HOUSTON,3,Saturday,11,1.1659587387671637
HB_HOUSTON,3,Saturday,12,1.1542667662825898
HB_HOUSTON,3,Saturday,13,1.1798652803781435
HB_HOUSTON,3,Saturday,14,1.2364439496721307
HB_HOUSTON,3,Saturday,15,1.394845173638293
HB_HOUSTON,3,Saturday,16,1.4527097217798706
HB_HOUSTON,3,Saturday,17,1.2919034281172888
HB_HOUSTON,3,Saturday,18,1.2198704000809628
HB_HOUSTON,3,Saturday,19,1.2427542810538255
HB_HOUSTON,3,Saturday,20,1.1759600186928685
HB_HOUSTON,3,Saturday,21,0.9795063058665247
HB_HOUSTON,3,Saturday,22,0.899662754459648
HB_HOUSTON,3,Saturday,23,0.8282250407046139
HB_HOUSTON,3,Sunday,0,0.7856022197842732
HB_HOUSTON,3,Sunday,1,0.7085879609769447
HB_HOUSTON,3,Sunday,2,0.6486136429652262
HB_HOUSTON,3,Sunday,3,0.6220501560905599
HB_HOUSTON,3,Sunday,4,0.632683492092108
HB_HOUSTON,3,Sunday,5,0.6602217676106802
HB_HOUSTON,3,Sunday,6,0.7817050505215699
HB_HOUSTON,3,Sunday,7,0.8171667099053733
HB_HOUSTON,3,Sunday,8,0.93470120541763
HB_HOUSTON,3,Sunday,9,1.0357437065003012
HB_HOUSTON,3,Sunday,10,1.075076726078843
HB_HOUSTON,3,Sunday,11,1.0386859402483022
HB_HOUSTON,3,Sunday,12,1.0358469427721608
HB_HOUSTON,3,Sunday,13,1.0613204928535394
HB_HOUSTON,3,Sunday,14,1.1187198600075268
HB_HOUSTON,3,Sunday,15,1.2391707801998195
HB_HOUSTON,3,Sunday,16,1.3759846494818733
HB_HOUSTON,3,Sunday,17,1.2454681927832607
HB_HOUSTON,3,Sunday,18,1.318223955376377
HB_HOUSTON,3,Sunday,19,1.5223478739109482
HB_HOUSTON,3,Sunday,20,1.3749006686273466
HB_HOUSTON,3,Sunday,21,1.0999050494610985
HB_HOUSTON,3,Sunday,22,0.9435279066616334
HB_HOUSTON,3,Sunday,23,0.8410659068408914
HB_HOUSTON,3,Thursday,0,0.6955127765442285
HB_HOUSTON,3,Thursday,1,0.6126156493314338
HB_HOUSTON,3,Thursday,2,0.5595850048307663
HB_HOUSTON,3,Thursday,3,0.5622188993691588
HB_HOUSTON,3,Thursday,4,0.6217872463847641
HB_HOUSTON,3,Thursday,5,0.7349506438735496
HB_HOUSTON,3,Thursday,6,1.122438860919002
HB_HOUSTON,3,Thursday,7,1.0773804507800757
HB_HOUSTON,3,Thursday,8,0.9850765573587368
HB_HOUSTON,3,Thursday,9,1.0056773753554484
HB_HOUSTON,3,Thursday,10,1.0050189017208502
HB_HOUSTON,3,Thursday,11,1.0290531893836803
HB_HOUSTON,3,Thursday,12,1.0402942750028907
HB_HOUSTON,3,Thursday,13,1.1183234007027638
HB_HOUSTON,3,Thursday,14,1.1962584587405516
HB_HOUSTON,3,Thursday,15,1.2960642482132043
HB_HOUSTON,3,Thursday,16,1.4225147029715581
HB_HOUSTON,3,Thursday,17,1.2866809989201817
HB_HOUSTON,3,Thursday,18,1.4243960562132671
HB_HOUSTON,3,Thursday,19,1.3464845150910005
HB_HOUSTON,3,Thursday,20,1.225678120057773
HB_HOUSTON,3,Thursday,21,0.9755286896570645
HB_HOUSTON,3,Thursday,22,0.881813781304444
HB_HOUSTON,3,Thursday,23,0.7746471972736056
HB_HOUSTON,3,Tuesday,0,0.5852632124486596
HB_HOUSTON,3,Tuesday,1,0.5292908876536971
HB_HOUSTON,3,Tuesday,2,0.5035228877573495
HB_HOUSTON,3,Tuesday,3,0.5083738225729131
HB_HOUSTON,3,Tuesday,4,0.5717262020445446
HB_HOUSTON,3,Tuesday,5,0.7062878169497674
HB_HOUSTON,3,Tuesday,6,2.2303727601352663
HB_HOUSTON,3,Tuesday,7,1.9896710330262628
HB_HOUSTON,3,Tuesday,8,1.177554061232687
HB_HOUSTON,3,Tuesday,9,0.9466785866987989
HB_HOUSTON,3,Tuesday,10,0.8750962024332414
HB_HOUSTON,3,Tuesday,11,0.9066065482437388
HB_HOUSTON,3,Tuesday,12,0.9295137404283438
HB_HOUSTON,3,Tuesday,13,1.043510708594084
HB_HOUSTON,3,Tuesday,14,1.157238180381182
HB_HOUSTON,3,Tuesday,15,1.2563299257589302
HB_HOUSTON,3,Tuesday,16,1.3244917790647959
HB_HOUSTON,3,Tuesday,17,1.13503582487918
HB_HOUSTON,3,Tuesday,18,1.2235342895272152
HB_HOUSTON,3,Tuesday,19,1.1480131120353456
HB_HOUSTON,3,Tuesday,20,0.984262966274083
HB_HOUSTON,3,Tuesday,21,0.8392946450551302
HB_HOUSTON,3,Tuesday,22,0.7598761353182778
HB_HOUSTON,3,Tuesday,23,0.6684546714865058
HB_HOUSTON,3,Wednesday,0,0.6905372686343172
HB_HOUSTON,3,Wednesday,1,0.6305072536268135
HB_HOUSTON,3,Wednesday,2,0.6004922461230615
HB_HOUSTON,3,Wednesday,3,0.6042861430715358
HB_HOUSTON,3,Wednesday,4,0.6563441720860431
HB_HOUSTON,3,Wednesday,5,0.799095547773887
HB_HOUSTON,3,Wednesday,6,1.3477938969484744
HB_HOUSTON,3,Wednesday,7,1.1719299649824912
HB_HOUSTON,3,Wednesday,8,0.9826193096548276
HB_HOUSTON,3,Wednesday,9,1.0095127563781892
HB_HOUSTON,3,Wednesday,10,1.0120820410205102
HB_HOUSTON,3,Wednesday,11,1.0162121060530265
HB_HOUSTON,3,Wednesday,12,1.0452666333166583
HB_HOUSTON,3,Wednesday,13,1.1535847923961982
HB_HOUSTON,3,Wednesday,14,1.2347453726863433
HB_HOUSTON,3,Wednesday,15,1.3218129064532267
HB_HOUSTON,3,Wednesday,16,1.3490185092546274
HB_HOUSTON,3,Wednesday,17,1.1536328164082041
HB_HOUSTON,3,Wednesday,18,1.329640820410205
HB_HOUSTON,3,Wednesday,19,1.2232436218109055
HB_HOUSTON,3,Wednesday,20,1.134351175587794
HB_HOUSTON,3,Wednesday,21,0.9373326663331667
HB_HOUSTON,3,Wednesday,22,0.847479739869935
HB_HOUSTON,3,Wednesday,23,0.7484782391195599
HB_HOUSTON,4,Friday,0,0.6918707495969207
HB_HOUSTON,4,Friday,1,0.6337550522948914
HB_HOUSTON,4,Friday,2,0.574796050927534
HB_HOUSTON,4,Friday,3,0.5661220662555894
HB_HOUSTON,4,Friday,4,0.6015408369993634
HB_HOUSTON,4,Friday,5,0.7329517047793254
HB_HOUSTON,4,Friday,6,0.9167919910208195
HB_HOUSTON,4,Friday,7,0.8481952289068571
HB_HOUSTON,4,Friday,8,0.8568210247750687
HB_HOUSTON,4,Friday,9,0.9283332095148793
HB_HOUSTON,4,Friday,10,0.9757028035844438
HB_HOUSTON,4,Friday,11,1.0191209157479002
HB_HOUSTON,4,Friday,12,1.0841758007874853
HB_HOUSTON,4,Friday,13,1.1939498956913186
HB_HOUSTON,4,Friday,14,1.4345084039265843
HB_HOUSTON,4,Friday,15,1.6732357376199951
HB_HOUSTON,4,Friday,16,1.8551966605159012
HB_HOUSTON,4,Friday,17,1.4336650998612563
HB_HOUSTON,4,Friday,18,1.12159440688618
HB_HOUSTON,4,Friday,19,1.0788268435731194
HB_HOUSTON,4,Friday,20,1.1356896319780903
HB_HOUSTON,4,Friday,21,0.9603305751936085
HB_HOUSTON,4,Friday,22,0.8990826056489325
HB_HOUSTON,4,Friday,23,0.7837427039139347
HB_HOUSTON,4,Monday,0,0.5986301191822306
HB_HOUSTON,4,Monday,1,0.5421088886289495
HB_HOUSTON,4,Monday,2,0.5050103325925059
HB_HOUSTON,4,Monday,3,0.5103546873578456
HB_HOUSTON,4,Monday,4,0.5626545015011503
HB_HOUSTON,4,Monday,5,0.6971783574427158
HB_HOUSTON,4,Monday,6,1.0408182893385842
HB_HOUSTON,4,Monday,7,0.9463874917144306
HB_HOUSTON,4,Monday,8,0.9155066869419425
HB_HOUSTON,4,Monday,9,0.9399409937484566
HB_HOUSTON,4,Monday,10,0.9127825216724503
HB_HOUSTON,4,Monday,11,0.9453269388232541
HB_HOUSTON,4,Monday,12,1.0138469736551383
HB_HOUSTON,4,Monday,13,1.1536320037431278
HB_HOUSTON,4,Monday,14,1.3648483903250543
HB_HOUSTON,4,Monday,15,1.7317373052078866
HB_HOUSTON,4,Monday,16,2.040067064374001
HB_HOUSTON,4,Monday,17,1.6139951391325822
HB_HOUSTON,4,Monday,18,1.1837849781001026
HB_HOUSTON,4,Monday,19,1.1300502982805007
HB_HOUSTON,4,Monday,20,1.1845543988250737
HB_HOUSTON,4,Monday,21,0.9128864974460951
HB_HOUSTON,4,Monday,22,0.8322220922525052
HB_HOUSTON,4,Monday,23,0.7216750497134168
HB_HOUSTON,4,Saturday,0,0.7507151819322458
HB_HOUSTON,4,Saturday,1,0.6590097480938133
HB_HOUSTON,4,Saturday,2,0.5889624553614515
HB_HOUSTON,4,Saturday,3,0.550278930605154
HB_HOUSTON,4,Saturday,4,0.5568342824051732
HB_HOUSTON,4,Saturday,5,0.6223183090435286
HB_HOUSTON,4,Saturday,6,0.7551163015152977
HB_HOUSTON,4,Saturday,7,0.7640111958305182
HB_HOUSTON,4,Saturday,8,0.8806640285686709
HB_HOUSTON,4,Saturday,9,0.9907383457195251
HB_HOUSTON,4,Saturday,10,1.057009941125374
HB_HOUSTON,4,Saturday,11,1.1468391081941898
HB_HOUSTON,4,Saturday,12,1.1804729273236174
HB_HOUSTON,4,Saturday,13,1.2755371103175368
HB_HOUSTON,4,Saturday,14,1.4193147379596565
HB_HOUSTON,4,Saturday,15,1.5825499469163207
HB_HOUSTON,4,Saturday,16,1.6660785638451885
HB_HOUSTON,4,Saturday,17,1.3394459994209051
HB_HOUSTON,4,Saturday,18,1.128864009265515
HB_HOUSTON,4,Saturday,19,1.1163787279220152
HB_HOUSTON,4,Saturday,20,1.2553614515973361
HB_HOUSTON,4,Saturday,21,1.0311591545217642
HB_HOUSTON,4,Saturday,22,0.8950487404690666
HB_HOUSTON,4,Saturday,23,0.7872908020461344
HB_HOUSTON,4,Sunday,0,0.8178763509917033
HB_HOUSTON,4,Sunday,1,0.7300811571209258
HB_HOUSTON,4,Sunday,2,0.6688711371245019
HB_HOUSTON,4,Sunday,3,0.6363671861352646
HB_HOUSTON,4,Sunday,4,0.6297332234523323
HB_HOUSTON,4,Sunday,5,0.6779712569386358
HB_HOUSTON,4,Sunday,6,0.7708960576423125
HB_HOUSTON,4,Sunday,7,0.8110944188808991
HB_HOUSTON,4,Sunday,8,0.9146976799626787
HB_HOUSTON,4,Sunday,9,0.9826156473559712
HB_HOUSTON,4,Sunday,10,1.0033067056867528
HB_HOUSTON,4,Sunday,11,1.0384741063776877
HB_HOUSTON,4,Sunday,12,1.055539913725603
HB_HOUSTON,4,Sunday,13,1.1190187982827324
HB_HOUSTON,4,Sunday,14,1.217591098816861
HB_HOUSTON,4,Sunday,15,1.3286174928635577
HB_HOUSTON,4,Sunday,16,1.4276830248239267
HB_HOUSTON,4,Sunday,17,1.3069153101089837
HB_HOUSTON,4,Sunday,18,1.1960122239188469
HB_HOUSTON,4,Sunday,19,1.2987030068620822
HB_HOUSTON,4,Sunday,20,1.5739014811328702
HB_HOUSTON,4,Sunday,21,1.0772667580514892
HB_HOUSTON,4,Sunday,22,0.9187915008004733
HB_HOUSTON,4,Sunday,23,0.7979744629429064
HB_HOUSTON,4,Thursday,0,0.6825242939207835
HB_HOUSTON,4,Thursday,1,0.5889578161207037
HB_HOUSTON,4,Thursday,2,0.5208914282406881
HB_HOUSTON,4,Thursday,3,0.5053383578322443
HB_HOUSTON,4,Thursday,4,0.550261181611657
HB_HOUSTON,4,Thursday,5,0.6882543724923155
HB_HOUSTON,4,Thursday,6,0.9153242393486066
HB_HOUSTON,4,Thursday,7,0.8573537041898616
HB_HOUSTON,4,Thursday,8,0.8590156750309553
HB_HOUSTON,4,Thursday,9,0.8820352114568497
HB_HOUSTON,4,Thursday,10,0.9488365170548388
HB_HOUSTON,4,Thursday,11,0.9766435217244809
HB_HOUSTON,4,Thursday,12,1.0385085258690723
HB_HOUSTON,4,Thursday,13,1.171490998691508
HB_HOUSTON,4,Thursday,14,1.3617494516943216
HB_HOUSTON,4,Thursday,15,1.6893313461343675
HB_HOUSTON,4,Thursday,16,2.0161690745261627
HB_HOUSTON,4,Thursday,17,1.5644106721679831
HB_HOUSTON,4,Thursday,18,1.1639253105342906
HB_HOUSTON,4,Thursday,19,1.1339602243247209
HB_HOUSTON,4,Thursday,20,1.2439727717911457
HB_HOUSTON,4,Thursday,21,0.9694995276612721
HB_HOUSTON,4,Thursday,22,0.9026486109933997
HB_HOUSTON,4,Thursday,23,0.7688971665877712
HB_HOUSTON,4,Tuesday,0,0.6752608067699472
HB_HOUSTON,4,Tuesday,1,0.5690622464578422
HB_HOUSTON,4,Tuesday,2,0.5258370847183248
HB_HOUSTON,4,Tuesday,3,0.5154566012547879
HB_HOUSTON,4,Tuesday,4,0.581583273074614
HB_HOUSTON,4,Tuesday,5,0.7240099508403933
HB_HOUSTON,4,Tuesday,6,0.9476852020569161
HB_HOUSTON,4,Tuesday,7,0.9011916841049326
HB_HOUSTON,4,Tuesday,8,0.8750678509982487
HB_HOUSTON,4,Tuesday,9,0.9146563910365714
HB_HOUSTON,4,Tuesday,10,0.9422302695051241
HB_HOUSTON,4,Tuesday,11,1.0123618285148734
HB_HOUSTON,4,Tuesday,12,1.0544591771951595
HB_HOUSTON,4,Tuesday,13,1.1945611790633397
HB_HOUSTON,4,Tuesday,14,1.40633685167532
HB_HOUSTON,4,Tuesday,15,1.8107153748923492
HB_HOUSTON,4,Tuesday,16,1.8985466939541165
HB_HOUSTON,4,Tuesday,17,1.5118909473821502
HB_HOUSTON,4,Tuesday,18,1.1553409045137457
HB_HOUSTON,4,Tuesday,19,1.0634586650759643
HB_HOUSTON,4,Tuesday,20,1.1589775262149404
HB_HOUSTON,4,Tuesday,21,0.963428551700063
HB_HOUSTON,4,Tuesday,22,0.86031421485606
HB_HOUSTON,4,Tuesday,23,0.7375667241442143
HB_HOUSTON,4,Wednesday,0,0.64622309970385
HB_HOUSTON,4,Wednesday,1,0.5861638696939783
HB_HOUSTON,4,Wednesday,2,0.5297295162882527
HB_HOUSTON,4,Wednesday,3,0.5331885488647582
HB_HOUSTON,4,Wednesday,4,0.5648410661401777
HB_HOUSTON,4,Wednesday,5,0.694507403751234
HB_HOUSTON,4,Wednesday,6,0.9327778874629813
HB_HOUSTON,4,Wednesday,7,0.8608963474827246
HB_HOUSTON,4,Wednesday,8,0.8559684106614018
HB_HOUSTON,4,Wednesday,9,0.9092754195459033
HB_HOUSTON,4,Wednesday,10,0.9369950641658441
HB_HOUSTON,4,Wednesday,11,1.0119565646594275
HB_HOUSTON,4,Wednesday,12,1.0740769990128334
HB_HOUSTON,4,Wednesday,13,1.1983178677196447
HB_HOUSTON,4,Wednesday,14,1.4005765054294175
HB_HOUSTON,4,Wednesday,15,1.6656426456071076
HB_HOUSTON,4,Wednesday,16,1.8432379072063179
HB_HOUSTON,4,Wednesday,17,1.5554037512339587
HB_HOUSTON,4,Wednesday,18,1.1401539980256663
HB_HOUSTON,4,Wednesday,19,1.1489911154985193
HB_HOUSTON,4,Wednesday,20,1.378045409674235
HB_HOUSTON,4,Wednesday,21,0.9502862783810465
HB_HOUSTON,4,Wednesday,22,0.863502467917078
HB_HOUSTON,4,Wednesday,23,0.7192418558736426
HB_HOUSTON,5,Friday,0,0.6561163387510693
HB_HOUSTON,5,Friday,1,0.5937553464499573
HB_HOUSTON,5,Friday,2,0.5563729683490163
HB_HOUSTON,5,Friday,3,0.5546621043627031
HB_HOUSTON,5,Friday,4,0.5849443969204449
HB_HOUSTON,5,Friday,5,0.6680068434559453
HB_HOUSTON,5,Friday,6,0.7504277159965783
HB_HOUSTON,5,Friday,7,0.7317151411462789
HB_HOUSTON,5,Friday,8,0.7623609923011121
HB_HOUSTON,5,Friday,9,0.8002780153977759
HB_HOUSTON,5,Friday,10,0.8769461077844312
HB_HOUSTON,5,Friday,11,0.9590461933276305
HB_HOUSTON,5,Friday,12,1.0841317365269463
HB_HOUSTON,5,Friday,13,1.2961077844311377
HB_HOUSTON,5,Friday,14,1.574550898203593
HB_HOUSTON,5,Friday,15,2.093284858853721
HB_HOUSTON,5,Friday,16,2.2776090675791276
HB_HOUSTON,5,Friday,17,1.5947390932420875
HB_HOUSTON,5,Friday,18,1.1149914456800685
HB_HOUSTON,5,Friday,19,1.023331907613345
HB_HOUSTON,5,Friday,20,1.0199529512403764
HB_HOUSTON,5,Friday,21,0.8796407185628743
HB_HOUSTON,5,Friday,22,0.8239734816082122
HB_HOUSTON,5,Friday,23,0.7230538922155688
HB_HOUSTON,5,Monday,0,0.6557038761426204
HB_HOUSTON,5,Monday,1,0.5717884084737952
HB_HOUSTON,5,Monday,2,0.5072160178890417
HB_HOUSTON,5,Monday,3,0.5010473828280622
HB_HOUSTON,5,Monday,4,0.5549127854141156
HB_HOUSTON,5,Monday,5,0.6396213633050666
HB_HOUSTON,5,Monday,6,0.7443119126256906
HB_HOUSTON,5,Monday,7,0.7564509051921182
HB_HOUSTON,5,Monday,8,0.790444490546016
HB_HOUSTON,5,Monday,9,0.8224773311841026
HB_HOUSTON,5,Monday,10,0.9102261649265363
HB_HOUSTON,5,Monday,11,0.9877306582998434
HB_HOUSTON,5,Monday,12,1.1175363646544554
HB_HOUSTON,5,Monday,13,1.3444760423799915
HB_HOUSTON,5,Monday,14,1.5824972323757873
HB_HOUSTON,5,Monday,15,1.9957517197824086
HB_HOUSTON,5,Monday,16,2.0760320989331564
HB_HOUSTON,5,Monday,17,1.6071717726197057
HB_HOUSTON,5,Monday,18,1.164462052796907
HB_HOUSTON,5,Monday,19,1.038952360145477
HB_HOUSTON,5,Monday,20,1.0924652692994745
HB_HOUSTON,5,Monday,21,0.928732070109475
HB_HOUSTON,5,Monday,22,0.8668474419441482
HB_HOUSTON,5,Monday,23,0.7431442781320052
HB_HOUSTON,5,Saturday,0,0.6609022114890805
HB_HOUSTON,5,Saturday,1,0.5875978775222599
HB_HOUSTON,5,Saturday,2,0.5454316677183364
HB_HOUSTON,5,Saturday,3,0.5185660878910091
HB_HOUSTON,5,Saturday,4,0.5333745923420422
HB_HOUSTON,5,Saturday,5,0.5532161987590608
HB_HOUSTON,5,Saturday,6,0.6637431179321034
HB_HOUSTON,5,Saturday,7,0.6768068137015949
HB_HOUSTON,5,Saturday,8,0.7331328170364909
HB_HOUSTON,5,Saturday,9,0.8066832137660931
HB_HOUSTON,5,Saturday,10,0.9175680424122726
HB_HOUSTON,5,Saturday,11,0.9715228954876377
HB_HOUSTON,5,Saturday,12,1.108177206199663
HB_HOUSTON,5,Saturday,13,1.33417466914345
HB_HOUSTON,5,Saturday,14,1.6158494245020725
HB_HOUSTON,5,Saturday,15,2.1510583028939405
HB_HOUSTON,5,Saturday,16,2.43758720548198
HB_HOUSTON,5,Saturday,17,1.6358923549977304
HB_HOUSTON,5,Saturday,18,1.138644250100429
HB_HOUSTON,5,Saturday,19,1.0168208131815077
HB_HOUSTON,5,Saturday,20,1.0163957956821579
HB_HOUSTON,5,Saturday,21,0.8909485253477267
HB_HOUSTON,5,Saturday,22,0.7882508758995505
HB_HOUSTON,5,Saturday,23,0.6976550405118106
HB_HOUSTON,5,Sunday,0,0.6985924788812903
HB_HOUSTON,5,Sunday,1,0.6237525449997201
HB_HOUSTON,5,Sunday,2,0.5556305264429522
HB_HOUSTON,5,Sunday,3,0.5072851077370938
HB_HOUSTON,5,Sunday,4,0.5104672781541054
HB_HOUSTON,5,Sunday,5,0.5329310441349357
HB_HOUSTON,5,Sunday,6,0.6527927965090411
HB_HOUSTON,5,Sunday,7,0.6752565624898715
HB_HOUSTON,5,Sunday,8,0.7553529704676907
HB_HOUSTON,5,Sunday,9,0.8244885692313584
HB_HOUSTON,5,Sunday,10,0.9087571562003707
HB_HOUSTON,5,Sunday,11,0.9732491433184733
HB_HOUSTON,5,Sunday,12,1.1203597031152859
HB_HOUSTON,5,Sunday,13,1.344855933127278
HB_HOUSTON,5,Sunday,14,1.6134782595884982
HB_HOUSTON,5,Sunday,15,1.9554083638045792
HB_HOUSTON,5,Sunday,16,2.068104339832229
HB_HOUSTON,5,Sunday,17,1.632217707599789
HB_HOUSTON,5,Sunday,18,1.243992916724368
HB_HOUSTON,5,Sunday,19,1.112958210441644
HB_HOUSTON,5,Sunday,20,1.1110960514568742
HB_HOUSTON,5,Sunday,21,0.9823242219151362
HB_HOUSTON,5,Sunday,22,0.8458208968416958
HB_HOUSTON,5,Sunday,23,0.7508272169857185
HB_HOUSTON,5,Thursday,0,0.6222220751654802
HB_HOUSTON,5,Thursday,1,0.5546237672738823
HB_HOUSTON,5,Thursday,2,0.5140846351990974
HB_HOUSTON,5,Thursday,3,0.5009421741640789
HB_HOUSTON,5,Thursday,4,0.5372526896218565
HB_HOUSTON,5,Thursday,5,0.6293888854882018
HB_HOUSTON,5,Thursday,6,0.7571209010460698
HB_HOUSTON,5,Thursday,7,0.72779852196945
HB_HOUSTON,5,Thursday,8,0.7455666528249507
HB_HOUSTON,5,Thursday,9,0.7841006662221878
HB_HOUSTON,5,Thursday,10,0.8583496152719897
HB_HOUSTON,5,Thursday,11,0.9189002288019086
HB_HOUSTON,5,Thursday,12,1.071249542975219
HB_HOUSTON,5,Thursday,13,1.2732503602430627
HB_HOUSTON,5,Thursday,14,1.676358625070932
HB_HOUSTON,5,Thursday,15,2.1790478333303
HB_HOUSTON,5,Thursday,16,2.4490043063728693
HB_HOUSTON,5,Thursday,17,1.5794577907628882
HB_HOUSTON,5,Thursday,18,1.1235017445525128
HB_HOUSTON,5,Thursday,19,1.0194738052420949
HB_HOUSTON,5,Thursday,20,1.0508211556564364
HB_HOUSTON,5,Thursday,21,0.890729304015366
HB_HOUSTON,5,Thursday,22,0.8207486769029188
HB_HOUSTON,5,Thursday,23,0.7160060418262462
HB_HOUSTON,5,Tuesday,0,0.601480304444569
HB_HOUSTON,5,Tuesday,1,0.5517826287223906
HB_HOUSTON,5,Tuesday,2,0.5071931487786392
HB_HOUSTON,5,Tuesday,3,0.49777613137031745
HB_HOUSTON,5,Tuesday,4,0.5321492197572145
HB_HOUSTON,5,Tuesday,5,0.6174872843456708
HB_HOUSTON,5,Tuesday,6,0.7614526188033272
HB_HOUSTON,5,Tuesday,7,0.749910435975736
HB_HOUSTON,5,Tuesday,8,0.7758608504073641
HB_HOUSTON,5,Tuesday,9,0.8184226495841062
HB_HOUSTON,5,Tuesday,10,0.9057104072177637
HB_HOUSTON,5,Tuesday,11,0.9913604226934523
HB_HOUSTON,5,Tuesday,12,1.1241540160021057
HB_HOUSTON,5,Tuesday,13,1.3530674764391784
HB_HOUSTON,5,Tuesday,14,1.7134292419837154
HB_HOUSTON,5,Tuesday,15,2.0931709563975525
HB_HOUSTON,5,Tuesday,16,2.233782818817463
HB_HOUSTON,5,Tuesday,17,1.543357517650815
HB_HOUSTON,5,Tuesday,18,1.1135476858362112
HB_HOUSTON,5,Tuesday,19,1.026961817698826
HB_HOUSTON,5,Tuesday,20,1.0534971400440143
HB_HOUSTON,5,Tuesday,21,0.9040336711988907
HB_HOUSTON,5,Tuesday,22,0.8224390172572207
HB_HOUSTON,5,Tuesday,23,0.7079725385734584
HB_HOUSTON,5,Wednesday,0,0.5797993543559775
HB_HOUSTON,5,Wednesday,1,0.5303353067233035
HB_HOUSTON,5,Wednesday,2,0.4967431646731401
HB_HOUSTON,5,Wednesday,3,0.4841270345947344
HB_HOUSTON,5,Wednesday,4,0.5140394720386963
HB_HOUSTON,5,Wednesday,5,0.5768148934772149
HB_HOUSTON,5,Wednesday,6,0.6930223389440351
HB_HOUSTON,5,Wednesday,7,0.6836789415338178
HB_HOUSTON,5,Wednesday,8,0.7085890155730356
HB_HOUSTON,5,Wednesday,9,0.7498457957891123
HB_HOUSTON,5,Wednesday,10,0.8111459439523334
HB_HOUSTON,5,Wednesday,11,0.9012563138940644
HB_HOUSTON,5,Wednesday,12,1.0223135082888737
HB_HOUSTON,5,Wednesday,13,1.2834368780165206
HB_HOUSTON,5,Wednesday,14,1.7367018739785958
HB_HOUSTON,5,Wednesday,15,2.3317796331741483
HB_HOUSTON,5,Wednesday,16,2.7928618817788915
HB_HOUSTON,5,Wednesday,17,1.9809359082786995
HB_HOUSTON,5,Wednesday,18,1.0635533313408665
HB_HOUSTON,5,Wednesday,19,0.9234023701876097
HB_HOUSTON,5,Wednesday,20,0.9533826362879072
HB_HOUSTON,5,Wednesday,21,0.7979532702950759
HB_HOUSTON,5,Wednesday,22,0.7396036686824495
HB_HOUSTON,5,Wednesday,23,0.6446774641408971
HB_HOUSTON,6,Friday,0,0.6166787514089455
HB_HOUSTON,6,Friday,1,0.5690083960723458
HB_HOUSTON,6,Friday,2,0.5369872172791486
HB_HOUSTON,6,Friday,3,0.5233077407856664
HB_HOUSTON,6,Friday,4,0.5292710528634064
HB_HOUSTON,6,Friday,5,0.5625571766427908
HB_HOUSTON,6,Friday,6,0.6211241295032607
HB_HOUSTON,6,Friday,7,0.6185219569602468
HB_HOUSTON,6,Friday,8,0.6622167709116865
HB_HOUSTON,6,Friday,9,0.7412939031910496
HB_HOUSTON,6,Friday,10,0.8690352761533023
HB_HOUSTON,6,Friday,11,0.998764419808135
HB_HOUSTON,6,Friday,12,1.2105704224238605
HB_HOUSTON,6,Friday,13,1.517644853142146
HB_HOUSTON,6,Friday,14,1.9544303568726042
HB_HOUSTON,6,Friday,15,2.4361936901833494
HB_HOUSTON,6,Friday,16,2.309301637426108
HB_HOUSTON,6,Friday,17,1.4586261342151807
HB_HOUSTON,6,Friday,18,1.1247167991470657
HB_HOUSTON,6,Friday,19,0.9626954170591385
HB_HOUSTON,6,Friday,20,0.892490970325746
HB_HOUSTON,6,Friday,21,0.7990476771318276
HB_HOUSTON,6,Friday,22,0.7819709198182998
HB_HOUSTON,6,Friday,23,0.7035443306746901
HB_HOUSTON,6,Monday,0,0.6481758031514894
HB_HOUSTON,6,Monday,1,0.6069779183163712
HB_HOUSTON,6,Monday,2,0.5742832088858182
HB_HOUSTON,6,Monday,3,0.5672043153615178
HB_HOUSTON,6,Monday,4,0.5758988122126856
HB_HOUSTON,6,Monday,5,0.6176919193261233
HB_HOUSTON,6,Monday,6,0.659952701086812
HB_HOUSTON,6,Monday,7,0.673026333271331
HB_HOUSTON,6,Monday,8,0.7239816118831875
HB_HOUSTON,6,Monday,9,0.7772540057927882
HB_HOUSTON,6,Monday,10,0.8896234687641166
HB_HOUSTON,6,Monday,11,1.0278213270268115
HB_HOUSTON,6,Monday,12,1.2274121117104668
HB_HOUSTON,6,Monday,13,1.465564796853825
HB_HOUSTON,6,Monday,14,1.7426195094730688
HB_HOUSTON,6,Monday,15,2.135529986979513
HB_HOUSTON,6,Monday,16,2.1443945473387718
HB_HOUSTON,6,Monday,17,1.4292349799378206
HB_HOUSTON,6,Monday,18,1.1533069380596817
HB_HOUSTON,6,Monday,19,1.0142375043180187
HB_HOUSTON,6,Monday,20,0.9661733053437143
HB_HOUSTON,6,Monday,21,0.8631148194403847
HB_HOUSTON,6,Monday,22,0.7982993649190869
HB_HOUSTON,6,Monday,23,0.7182207105465948
HB_HOUSTON,6,Saturday,0,0.6903745548284498
HB_HOUSTON,6,Saturday,1,0.6226246540215726
HB_HOUSTON,6,Saturday,2,0.5884239829411779
HB_HOUSTON,6,Saturday,3,0.5649720942003358
HB_HOUSTON,6,Saturday,4,0.5571547979533885
HB_HOUSTON,6,Saturday,5,0.5637266916119741
HB_HOUSTON,6,Saturday,6,0.5813347682074267
HB_HOUSTON,6,Saturday,7,0.6137535555844731
HB_HOUSTON,6,Saturday,8,0.6825764186213235
HB_HOUSTON,6,Saturday,9,0.7784340978455334
HB_HOUSTON,6,Saturday,10,0.9228624780158502
HB_HOUSTON,6,Saturday,11,1.0654706544031767
HB_HOUSTON,6,Saturday,12,1.270348960208589
HB_HOUSTON,6,Saturday,13,1.4808603177213604
HB_HOUSTON,6,Saturday,14,1.7665748315313583
HB_HOUSTON,6,Saturday,15,2.093598391195323
HB_HOUSTON,6,Saturday,16,2.127741582156255
HB_HOUSTON,6,Saturday,17,1.5042738863825607
HB_HOUSTON,6,Saturday,18,1.1442758981867418
HB_HOUSTON,6,Saturday,19,0.9880640935265411
HB_HOUSTON,6,Saturday,20,0.9576762703705153
HB_HOUSTON,6,Saturday,21,0.8728356140433512
HB_HOUSTON,6,Saturday,22,0.8217741079205211
HB_HOUSTON,6,Saturday,23,0.7402672985222022
HB_HOUSTON,6,Sunday,0,0.6919477460488821
HB_HOUSTON,6,Sunday,1,0.6391610205433599
HB_HOUSTON,6,Sunday,2,0.6043554306184039
HB_HOUSTON,6,Sunday,3,0.5835351683672217
HB_HOUSTON,6,Sunday,4,0.5706223996579028
HB_HOUSTON,6,Sunday,5,0.5730619455378392
HB_HOUSTON,6,Sunday,6,0.5780251595694342
HB_HOUSTON,6,Sunday,7,0.6049863476563185
HB_HOUSTON,6,Sunday,8,0.6702862610804806
HB_HOUSTON,6,Sunday,9,0.7545978079138027
HB_HOUSTON,6,Sunday,10,0.8706024206183689
HB_HOUSTON,6,Sunday,11,1.0058500029793305
HB_HOUSTON,6,Sunday,12,1.1926645379058463
HB_HOUSTON,6,Sunday,13,1.4528336937739004
HB_HOUSTON,6,Sunday,14,1.7512574527075104
HB_HOUSTON,6,Sunday,15,2.0742028538480684
HB_HOUSTON,6,Sunday,16,2.1057697363117294
HB_HOUSTON,6,Sunday,17,1.5232440352051708
HB_HOUSTON,6,Sunday,18,1.18418921902986
HB_HOUSTON,6,Sunday,19,1.0512970602771128
HB_HOUSTON,6,Sunday,20,1.0318648155093428
HB_HOUSTON,6,Sunday,21,0.9028422812558053
HB_HOUSTON,6,Sunday,22,0.8292352934991011
HB_HOUSTON,6,Sunday,23,0.7535673100852089
HB_HOUSTON,6,Thursday,0,0.6479877642847455
HB_HOUSTON,6,Thursday,1,0.58630404380411
HB_HOUSTON,6,Thursday,2,0.5539373964181534
HB_HOUSTON,6,Thursday,3,0.5324032859318898
HB_HOUSTON,6,Thursday,4,0.5454996172441265
HB_HOUSTON,6,Thursday,5,0.5898587623031457
HB_HOUSTON,6,Thursday,6,0.6530953334965178
HB_HOUSTON,6,Thursday,7,0.6708689259916962
HB_HOUSTON,6,Thursday,8,0.7044890793746814
HB_HOUSTON,6,Thursday,9,0.7693720465044488
HB_HOUSTON,6,Thursday,10,0.8780903054407462
HB_HOUSTON,6,Thursday,11,1.0074446407161823
HB_HOUSTON,6,Thursday,12,1.1777343658647244
HB_HOUSTON,6,Thursday,13,1.4714289500640005
HB_HOUSTON,6,Thursday,14,1.8322141686713929
HB_HOUSTON,6,Thursday,15,2.2591732784950445
HB_HOUSTON,6,Thursday,16,2.256385630830011
HB_HOUSTON,6,Thursday,17,1.4321399561272903
HB_HOUSTON,6,Thursday,18,1.1189879654069763
HB_HOUSTON,6,Thursday,19,0.9937683290172606
HB_HOUSTON,6,Thursday,20,0.9436280891361255
HB_HOUSTON,6,Thursday,21,0.8599238230062005
HB_HOUSTON,6,Thursday,22,0.8051437400315872
HB_HOUSTON,6,Thursday,23,0.7101205018389432
HB_HOUSTON,6,Tuesday,0,0.6631414346960329
HB_HOUSTON,6,Tuesday,1,0.6176002648927102
HB_HOUSTON,6,Tuesday,2,0.5901140075665439
HB_HOUSTON,6,Tuesday,3,0.5766874402467723
HB_HOUSTON,6,Tuesday,4,0.586948394133427
HB_HOUSTON,6,Tuesday,5,0.6262674961544165
HB_HOUSTON,6,Tuesday,6,0.6727037704457238
HB_HOUSTON,6,Tuesday,7,0.6885973330616485
HB_HOUSTON,6,Tuesday,8,0.7347934573683746
HB_HOUSTON,6,Tuesday,9,0.7983458760152933
HB_HOUSTON,6,Tuesday,10,0.915626395758078
HB_HOUSTON,6,Tuesday,11,1.0524245597022868
HB_HOUSTON,6,Tuesday,12,1.211098204060172
HB_HOUSTON,6,Tuesday,13,1.4818345639503945
HB_HOUSTON,6,Tuesday,14,1.7426811108392242
HB_HOUSTON,6,Tuesday,15,2.0817292254344304
HB_HOUSTON,6,Tuesday,16,2.0121512253561997
HB_HOUSTON,6,Tuesday,17,1.3857309064843226
HB_HOUSTON,6,Tuesday,18,1.1463668673071274
HB_HOUSTON,6,Tuesday,19,1.0074291853184671
HB_HOUSTON,6,Tuesday,20,0.9633725790561923
HB_HOUSTON,6,Tuesday,21,0.8789489435674827
HB_HOUSTON,6,Tuesday,22,0.818583970170461
HB_HOUSTON,6,Tuesday,23,0.7468227884142187
HB_HOUSTON,6,Wednesday,0,0.6493844898344182
HB_HOUSTON,6,Wednesday,1,0.5981864410062752
HB_HOUSTON,6,Wednesday,2,0.5712635033674727
HB_HOUSTON,6,Wednesday,3,0.5548308094482938
HB_HOUSTON,6,Wednesday,4,0.5643912820482588
HB_HOUSTON,6,Wednesday,5,0.6072618156307663
HB_HOUSTON,6,Wednesday,6,0.6676767259929138
HB_HOUSTON,6,Wednesday,7,0.6774595351649711
HB_HOUSTON,6,Wednesday,8,0.7347617335178278
HB_HOUSTON,6,Wednesday,9,0.7890724943552619
HB_HOUSTON,6,Wednesday,10,0.8995737706850915
HB_HOUSTON,6,Wednesday,11,1.041747902330239
HB_HOUSTON,6,Wednesday,12,1.17644344018683
HB_HOUSTON,6,Wednesday,13,1.4566279458543072
HB_HOUSTON,6,Wednesday,14,1.7162766372267217
HB_HOUSTON,6,Wednesday,15,2.1393427090869124
HB_HOUSTON,6,Wednesday,16,2.2065894159369845
HB_HOUSTON,6,Wednesday,17,1.470534087817893
HB_HOUSTON,6,Wednesday,18,1.1587980013289665
HB_HOUSTON,6,Wednesday,19,1.0068006356804722
HB_HOUSTON,6,Wednesday,20,0.9381390597352679
HB_HOUSTON,6,Wednesday,21,0.8494267674704751
HB_HOUSTON,6,Wednesday,22,0.8026754500841763
HB_HOUSTON,6,Wednesday,23,0.7227353462092037
HB_HOUSTON,7,Friday,0,0.49581549203778474
HB_HOUSTON,7,Friday,1,0.46126990553821823
HB_HOUSTON,7,Friday,2,0.44288939224366786
HB_HOUSTON,7,Friday,3,0.42895503802535534
HB_HOUSTON,7,Friday,4,0.4267243190386518
HB_HOUSTON,7,Friday,5,0.45176643149897444
HB_HOUSTON,7,Friday,6,0.47494451850465436
HB_HOUSTON,7,Friday,7,0.48919972956352015
HB_HOUSTON,7,Friday,8,0.5307430509665813
HB_HOUSTON,7,Friday,9,0.5928517679593887
HB_HOUSTON,7,Friday,10,0.7059461648058243
HB_HOUSTON,7,Friday,11,0.8476120993586683
HB_HOUSTON,7,Friday,12,1.0201261272961317
HB_HOUSTON,7,Friday,13,1.3917089064511323
HB_HOUSTON,7,Friday,14,1.92769261914675
HB_HOUSTON,7,Friday,15,3.236009304848376
HB_HOUSTON,7,Friday,16,3.817967219126124
HB_HOUSTON,7,Friday,17,1.7679670281399087
HB_HOUSTON,7,Friday,18,0.9787203159675935
HB_HOUSTON,7,Friday,19,0.8658245447843576
HB_HOUSTON,7,Friday,20,0.7714773547645332
HB_HOUSTON,7,Friday,21,0.6900408328526847
HB_HOUSTON,7,Friday,22,0.622248366112934
HB_HOUSTON,7,Friday,23,0.5614994709681855
HB_HOUSTON,7,Monday,0,0.4277990786436553
HB_HOUSTON,7,Monday,1,0.3976203123340062
HB_HOUSTON,7,Monday,2,0.37842828583293897
HB_HOUSTON,7,Monday,3,0.36100943569338345
HB_HOUSTON,7,Monday,4,0.3643355900447157
HB_HOUSTON,7,Monday,5,0.38680741334518026
HB_HOUSTON,7,Monday,6,0.4116202930183595
HB_HOUSTON,7,Monday,7,0.4238355079532175
HB_HOUSTON,7,Monday,8,0.46281061974252247
HB_HOUSTON,7,Monday,9,0.5054363887467043
HB_HOUSTON,7,Monday,10,0.6024859237225114
HB_HOUSTON,7,Monday,11,0.7236761538684412
HB_HOUSTON,7,Monday,12,0.8856610297171225
HB_HOUSTON,7,Monday,13,1.1926523280183112
HB_HOUSTON,7,Monday,14,2.1572486792926613
HB_HOUSTON,7,Monday,15,3.8499830988091905
HB_HOUSTON,7,Monday,16,4.134792308509509
HB_HOUSTON,7,Monday,17,2.436344320716997
HB_HOUSTON,7,Monday,18,0.9096162946795051
HB_HOUSTON,7,Monday,19,0.728335087837903
HB_HOUSTON,7,Monday,20,0.6727523830679042
HB_HOUSTON,7,Monday,21,0.5966796403426596
HB_HOUSTON,7,Monday,22,0.51854398655631
HB_HOUSTON,7,Monday,23,0.47152583950629207
HB_HOUSTON,7,Saturday,0,0.47332361097371456
HB_HOUSTON,7,Saturday,1,0.4313791815985729
HB_HOUSTON,7,Saturday,2,0.4108281982467842
HB_HOUSTON,7,Saturday,3,0.3888475812705231
HB_HOUSTON,7,Saturday,4,0.37968260857078123
HB_HOUSTON,7,Saturday,5,0.38490332421729156
HB_HOUSTON,7,Saturday,6,0.4003612377818979
HB_HOUSTON,7,Saturday,7,0.41952088126701287
HB_HOUSTON,7,Saturday,8,0.4641458736880399
HB_HOUSTON,7,Saturday,9,0.5167104385592612
HB_HOUSTON,7,Saturday,10,0.6234734353011007
HB_HOUSTON,7,Saturday,11,0.7516681718240914
HB_HOUSTON,7,Saturday,12,0.931470129273344
HB_HOUSTON,7,Saturday,13,1.184145107812884
HB_HOUSTON,7,Saturday,14,2.0118519180385936
HB_HOUSTON,7,Saturday,15,3.695628448432669
HB_HOUSTON,7,Saturday,16,3.958349156101313
HB_HOUSTON,7,Saturday,17,2.4099027657666574
HB_HOUSTON,7,Saturday,18,1.0007690663024504
HB_HOUSTON,7,Saturday,19,0.7691428899660783
HB_HOUSTON,7,Saturday,20,0.7010438240146538
HB_HOUSTON,7,Saturday,21,0.6396206365060776
HB_HOUSTON,7,Saturday,22,0.5522981041398743
HB_HOUSTON,7,Saturday,23,0.5009334103463352
HB_HOUSTON,7,Sunday,0,0.4812891718895853
HB_HOUSTON,7,Sunday,1,0.44222146286171493
HB_HOUSTON,7,Sunday,2,0.42151870249366585
HB_HOUSTON,7,Sunday,3,0.3962278303773836
HB_HOUSTON,7,Sunday,4,0.3861889918655821
HB_HOUSTON,7,Sunday,5,0.3834011201493533
HB_HOUSTON,7,Sunday,6,0.39241482197626354
HB_HOUSTON,7,Sunday,7,0.4111548206427524
HB_HOUSTON,7,Sunday,8,0.4586861581544206
HB_HOUSTON,7,Sunday,9,0.515243699159888
HB_HOUSTON,7,Sunday,10,0.5964420256034138
HB_HOUSTON,7,Sunday,11,0.7145452727030271
HB_HOUSTON,7,Sunday,12,0.8731289171889585
HB_HOUSTON,7,Sunday,13,1.0932957727697026
HB_HOUSTON,7,Sunday,14,1.6760984797973064
HB_HOUSTON,7,Sunday,15,3.4251316842245636
HB_HOUSTON,7,Sunday,16,4.04616448859848
HB_HOUSTON,7,Sunday,17,2.7639810308041075
HB_HOUSTON,7,Sunday,18,1.1936466528870517
HB_HOUSTON,7,Sunday,19,0.8128458794505934
HB_HOUSTON,7,Sunday,20,0.7387484997999734
HB_HOUSTON,7,Sunday,21,0.680953293772503
HB_HOUSTON,7,Sunday,22,0.5783896186158155
HB_HOUSTON,7,Sunday,23,0.5182816042138951
HB_HOUSTON,7,Thursday,0,0.4310387915474967
HB_HOUSTON,7,Thursday,1,0.4008413628411962
HB_HOUSTON,7,Thursday,2,0.381154027712215
HB_HOUSTON,7,Thursday,3,0.36803376558464995
HB_HOUSTON,7,Thursday,4,0.3681864882125899
HB_HOUSTON,7,Thursday,5,0.38819315247271824
HB_HOUSTON,7,Thursday,6,0.4152667092438842
HB_HOUSTON,7,Thursday,7,0.424388415294477
HB_HOUSTON,7,Thursday,8,0.4507122428012107
HB_HOUSTON,7,Thursday,9,0.4991947352344987
HB_HOUSTON,7,Thursday,10,0.5931608030433455
HB_HOUSTON,7,Thursday,11,0.6950684475050676
HB_HOUSTON,7,Thursday,12,0.853025296420737
HB_HOUSTON,7,Thursday,13,1.1019076444617222
HB_HOUSTON,7,Thursday,14,1.7832588232027324
HB_HOUSTON,7,Thursday,15,3.40239635687113
HB_HOUSTON,7,Thursday,16,4.948782384139061
HB_HOUSTON,7,Thursday,17,2.540818593285758
HB_HOUSTON,7,Thursday,18,0.9094215977563658
HB_HOUSTON,7,Thursday,19,0.7424957654180434
HB_HOUSTON,7,Thursday,20,0.6800877460916892
HB_HOUSTON,7,Thursday,21,0.6173881653847222
HB_HOUSTON,7,Thursday,22,0.5290311831838503
HB_HOUSTON,7,Thursday,23,0.4761475022908394
HB_HOUSTON,7,Tuesday,0,0.48535760996441946
HB_HOUSTON,7,Tuesday,1,0.45592281981445626
HB_HOUSTON,7,Tuesday,2,0.4317899483871573
HB_HOUSTON,7,Tuesday,3,0.4181062165114218
HB_HOUSTON,7,Tuesday,4,0.4195406878899676
HB_HOUSTON,7,Tuesday,5,0.4381184985866238
HB_HOUSTON,7,Tuesday,6,0.47045035838345384
HB_HOUSTON,7,Tuesday,7,0.4800556912417553
HB_HOUSTON,7,Tuesday,8,0.5234132918305449
HB_HOUSTON,7,Tuesday,9,0.568641330589399
HB_HOUSTON,7,Tuesday,10,0.6566081783619837
HB_HOUSTON,7,Tuesday,11,0.7793820522316344
HB_HOUSTON,7,Tuesday,12,0.9579456119708044
HB_HOUSTON,7,Tuesday,13,1.303231310853698
HB_HOUSTON,7,Tuesday,14,1.9420492314327371
HB_HOUSTON,7,Tuesday,15,3.015469789376474
HB_HOUSTON,7,Tuesday,16,4.017504301070228
HB_HOUSTON,7,Tuesday,17,2.2118564216033265
HB_HOUSTON,7,Tuesday,18,1.027137760818305
HB_HOUSTON,7,Tuesday,19,0.8293213450278691
HB_HOUSTON,7,Tuesday,20,0.7563180026158007
HB_HOUSTON,7,Tuesday,21,0.6720357774037943
HB_HOUSTON,7,Tuesday,22,0.5971198064869984
HB_HOUSTON,7,Tuesday,23,0.5426239575471478
HB_HOUSTON,7,Wednesday,0,0.3961463593135867
HB_HOUSTON,7,Wednesday,1,0.37038015235933175
HB_HOUSTON,7,Wednesday,2,0.3474204055052586
HB_HOUSTON,7,Wednesday,3,0.3321905207374619
HB_HOUSTON,7,Wednesday,4,0.33551714370103947
HB_HOUSTON,7,Wednesday,5,0.3589365693646251
HB_HOUSTON,7,Wednesday,6,0.3868439118263463
HB_HOUSTON,7,Wednesday,7,0.39601329439504357
HB_HOUSTON,7,Wednesday,8,0.4264972575521902
HB_HOUSTON,7,Wednesday,9,0.4576223516804991
HB_HOUSTON,7,Wednesday,10,0.5425782537648803
HB_HOUSTON,7,Wednesday,11,0.6581148934926214
HB_HOUSTON,7,Wednesday,12,0.793732239109594
HB_HOUSTON,7,Wednesday,13,1.1160396654425366
HB_HOUSTON,7,Wednesday,14,1.916788054802585
HB_HOUSTON,7,Wednesday,15,3.994124982232809
HB_HOUSTON,7,Wednesday,16,4.383533417943805
HB_HOUSTON,7,Wednesday,17,3.175896701300508
HB_HOUSTON,7,Wednesday,18,0.8908454360245042
HB_HOUSTON,7,Wednesday,19,0.6682157304911205
HB_HOUSTON,7,Wednesday,20,0.6048042483999447
HB_HOUSTON,7,Wednesday,21,0.5402193756634345
HB_HOUSTON,7,Wednesday,22,0.473868368553534
HB_HOUSTON,7,Wednesday,23,0.433670666342741
HB_HOUSTON,8,Friday,0,0.2875757236011704
HB_HOUSTON,8,Friday,1,0.2690787308453195
HB_HOUSTON,8,Friday,2,0.2590186582953284
HB_HOUSTON,8,Friday,3,0.25391484236832684
HB_HOUSTON,8,Friday,4,0.25416656118105313
HB_HOUSTON,8,Friday,5,0.2636103566378179
HB_HOUSTON,8,Friday,6,0.28827880028499203
HB_HOUSTON,8,Friday,7,0.298304152998745
HB_HOUSTON,8,Friday,8,0.3209067663897519
HB_HOUSTON,8,Friday,9,0.34948119161371294
HB_HOUSTON,8,Friday,10,0.415978357968745
HB_HOUSTON,8,Friday,11,0.4957905815210905
HB_HOUSTON,8,Friday,12,0.6305209060430599
HB_HOUSTON,8,Friday,13,1.5735984578606073
HB_HOUSTON,8,Friday,14,3.4793181892158747
HB_HOUSTON,8,Friday,15,4.837966140926369
HB_HOUSTON,8,Friday,16,4.788316775105878
HB_HOUSTON,8,Friday,17,2.2718404044860923
HB_HOUSTON,8,Friday,18,0.6496862556464943
HB_HOUSTON,8,Friday,19,0.4886816950513384
HB_HOUSTON,8,Friday,20,0.4444659836021107
HB_HOUSTON,8,Friday,21,0.3940961811796788
HB_HOUSTON,8,Friday,22,0.3592374655966207
HB_HOUSTON,8,Friday,23,0.3261668215798249
HB_HOUSTON,8,Monday,0,0.2678162075851721
HB_HOUSTON,8,Monday,1,0.24900631633922019
HB_HOUSTON,8,Monday,2,0.23715702663307656
HB_HOUSTON,8,Monday,3,0.2323025849687822
HB_HOUSTON,8,Monday,4,0.23792757292899633
HB_HOUSTON,8,Monday,5,0.24861248156575008
HB_HOUSTON,8,Monday,6,0.2708898311433409
HB_HOUSTON,8,Monday,7,0.2770285166341682
HB_HOUSTON,8,Monday,8,0.293843549136239
HB_HOUSTON,8,Monday,9,0.3261465621862967
HB_HOUSTON,8,Monday,10,0.3705642753333148
HB_HOUSTON,8,Monday,11,0.42953675184770584
HB_HOUSTON,8,Monday,12,0.5263344898662461
HB_HOUSTON,8,Monday,13,1.079090156057029
HB_HOUSTON,8,Monday,14,2.895550309181701
HB_HOUSTON,8,Monday,15,5.882906928709485
HB_HOUSTON,8,Monday,16,5.188661839336817
HB_HOUSTON,8,Monday,17,2.492580281292206
HB_HOUSTON,8,Monday,18,0.6150158069010982
HB_HOUSTON,8,Monday,19,0.44892027200284246
HB_HOUSTON,8,Monday,20,0.4343398237589389
HB_HOUSTON,8,Monday,21,0.37079543922209074
HB_HOUSTON,8,Monday,22,0.32835546156793327
HB_HOUSTON,8,Monday,23,0.2966175158015501
HB_HOUSTON,8,Saturday,0,0.5480151769384771
HB_HOUSTON,8,Saturday,1,0.505933036156376
HB_HOUSTON,8,Saturday,2,0.4820665455706345
HB_HOUSTON,8,Saturday,3,0.4667095558065502
HB_HOUSTON,8,Saturday,4,0.45936346330035394
HB_HOUSTON,8,Saturday,5,0.46780648364684185
HB_HOUSTON,8,Saturday,6,0.4905261860359147
HB_HOUSTON,8,Saturday,7,0.5051020302167609
HB_HOUSTON,8,Saturday,8,0.5586354328467563
HB_HOUSTON,8,Saturday,9,0.6155759598291729
HB_HOUSTON,8,Saturday,10,0.6911310198589645
HB_HOUSTON,8,Saturday,11,0.8512492443039738
HB_HOUSTON,8,Saturday,12,1.0840804884652913
HB_HOUSTON,8,Saturday,13,1.4888468615329429
HB_HOUSTON,8,Saturday,14,1.986353497461623
HB_HOUSTON,8,Saturday,15,3.0655144307643942
HB_HOUSTON,8,Saturday,16,3.5504728770048883
HB_HOUSTON,8,Saturday,17,1.6876068621700473
HB_HOUSTON,8,Saturday,18,0.9741217825354407
HB_HOUSTON,8,Saturday,19,0.8372218640432734
HB_HOUSTON,8,Saturday,20,0.7862147194697074
HB_HOUSTON,8,Saturday,21,0.6926766909066483
HB_HOUSTON,8,Saturday,22,0.6270937021522361
HB_HOUSTON,8,Saturday,23,0.577682088982731
HB_HOUSTON,8,Sunday,0,0.5645277560864899
HB_HOUSTON,8,Sunday,1,0.5193455941468142
HB_HOUSTON,8,Sunday,2,0.49116905997438076
HB_HOUSTON,8,Sunday,3,0.47672997103411663
HB_HOUSTON,8,Sunday,4,0.471209142909898
HB_HOUSTON,8,Sunday,5,0.4704890348936956
HB_HOUSTON,8,Sunday,6,0.4901535230284542
HB_HOUSTON,8,Sunday,7,0.4976315678120949
HB_HOUSTON,8,Sunday,8,0.5486669154219286
HB_HOUSTON,8,Sunday,9,0.5963048303399355
HB_HOUSTON,8,Sunday,10,0.665804486057524
HB_HOUSTON,8,Sunday,11,0.7826281634552875
HB_HOUSTON,8,Sunday,12,0.9472559345440277
HB_HOUSTON,8,Sunday,13,1.3598962921361282
HB_HOUSTON,8,Sunday,14,1.8771369551586583
HB_HOUSTON,8,Sunday,15,2.9116736741280422
HB_HOUSTON,8,Sunday,16,3.613095810525425
HB_HOUSTON,8,Sunday,17,1.8801097087640068
HB_HOUSTON,8,Sunday,18,1.066867722466062
HB_HOUSTON,8,Sunday,19,0.9126722854582033
HB_HOUSTON,8,Sunday,20,0.8634279757348218
HB_HOUSTON,8,Sunday,21,0.7489861940829585
HB_HOUSTON,8,Sunday,22,0.6483926435119114
HB_HOUSTON,8,Sunday,23,0.595824758329134
HB_HOUSTON,8,Thursday,0,0.3947541210054026
HB_HOUSTON,8,Thursday,1,0.373384579415483
HB_HOUSTON,8,Thursday,2,0.36200541051854457
HB_HOUSTON,8,Thursday,3,0.35441183127432785
HB_HOUSTON,8,Thursday,4,0.3547142304477701
HB_HOUSTON,8,Thursday,5,0.37080858645653036
HB_HOUSTON,8,Thursday,6,0.39961490771925223
HB_HOUSTON,8,Thursday,7,0.4087652827082273
HB_HOUSTON,8,Thursday,8,0.4365860066649151
HB_HOUSTON,8,Thursday,9,0.4748675020288278
HB_HOUSTON,8,Thursday,10,0.5530208884095716
HB_HOUSTON,8,Thursday,11,0.6586253997572407
HB_HOUSTON,8,Thursday,12,0.8424952971795211
HB_HOUSTON,8,Thursday,13,1.4123161396692183
HB_HOUSTON,8,Thursday,14,2.583720937829437
HB_HOUSTON,8,Thursday,15,4.395327186105692
HB_HOUSTON,8,Thursday,16,4.398653577013556
HB_HOUSTON,8,Thursday,17,1.6706658335133884
HB_HOUSTON,8,Thursday,18,0.7976618197243595
HB_HOUSTON,8,Thursday,19,0.6698925689603116
HB_HOUSTON,8,Thursday,20,0.6261902884132117
HB_HOUSTON,8,Thursday,21,0.5498064971955744
HB_HOUSTON,8,Thursday,22,0.47654749743684033
HB_HOUSTON,8,Thursday,23,0.4351636105527978
HB_HOUSTON,8,Tuesday,0,0.2688509468521395
HB_HOUSTON,8,Tuesday,1,0.2518491578852196
HB_HOUSTON,8,Tuesday,2,0.23847203329652453
HB_HOUSTON,8,Tuesday,3,0.23197039315621104
HB_HOUSTON,8,Tuesday,4,0.23483111481794897
HB_HOUSTON,8,Tuesday,5,0.2518735390357458
HB_HOUSTON,8,Tuesday,6,0.2758320829528011
HB_HOUSTON,8,Tuesday,7,0.28156165332645244
HB_HOUSTON,8,Tuesday,8,0.29946554486284077
HB_HOUSTON,8,Tuesday,9,0.3236435191346317
HB_HOUSTON,8,Tuesday,10,0.3711705085603235
HB_HOUSTON,8,Tuesday,11,0.4422009270932487
HB_HOUSTON,8,Tuesday,12,0.6129827594789341
HB_HOUSTON,8,Tuesday,13,1.6365522208688426
HB_HOUSTON,8,Tuesday,14,3.242221651071196
HB_HOUSTON,8,Tuesday,15,5.171510219257654
HB_HOUSTON,8,Tuesday,16,4.997721378307074
HB_HOUSTON,8,Tuesday,17,2.2896419729633357
HB_HOUSTON,8,Tuesday,18,0.6575515026407833
HB_HOUSTON,8,Tuesday,19,0.46346941740224934
HB_HOUSTON,8,Tuesday,20,0.43211525782558735
HB_HOUSTON,8,Tuesday,21,0.3825402517556968
HB_HOUSTON,8,Tuesday,22,0.33602101655175354
HB_HOUSTON,8,Tuesday,23,0.3059509309028035
HB_HOUSTON,8,Wednesday,0,0.2841057294774248
HB_HOUSTON,8,Wednesday,1,0.26607141914261123
HB_HOUSTON,8,Wednesday,2,0.2560206770192566
HB_HOUSTON,8,Wednesday,3,0.2504131707754938
HB_HOUSTON,8,Wednesday,4,0.25260706799233323
HB_HOUSTON,8,Wednesday,5,0.2654378026178923
HB_HOUSTON,8,Wednesday,6,0.28933306580635626
HB_HOUSTON,8,Wednesday,7,0.2947188062664674
HB_HOUSTON,8,Wednesday,8,0.318835835238583
HB_HOUSTON,8,Wednesday,9,0.34516260184065595
HB_HOUSTON,8,Wednesday,10,0.3986160759072596
HB_HOUSTON,8,Wednesday,11,0.4734937087159233
HB_HOUSTON,8,Wednesday,12,0.6508825750175564
HB_HOUSTON,8,Wednesday,13,1.3848164360126514
HB_HOUSTON,8,Wednesday,14,3.5127224918025863
HB_HOUSTON,8,Wednesday,15,5.412566199726489
HB_HOUSTON,8,Wednesday,16,4.679891651574272
HB_HOUSTON,8,Wednesday,17,2.0158588935999453
HB_HOUSTON,8,Wednesday,18,0.6283891883900331
HB_HOUSTON,8,Wednesday,19,0.49774538119954165
HB_HOUSTON,8,Wednesday,20,0.45869084265717647
HB_HOUSTON,8,Wednesday,21,0.40283754600319976
HB_HOUSTON,8,Wednesday,22,0.3466278400540686
HB_HOUSTON,8,Wednesday,23,0.3141549931622216
HB_HOUSTON,9,Friday,0,0.3213017551917799
HB_HOUSTON,9,Friday,1,0.29778999047645055
HB_HOUSTON,9,Friday,2,0.27803625372791557
HB_HOUSTON,9,Friday,3,0.27371933955067473
HB_HOUSTON,9,Friday,4,0.28082104881100173
HB_HOUSTON,9,Friday,5,0.3101240309828528
HB_HOUSTON,9,Friday,6,0.35264756282250387
HB_HOUSTON,9,Friday,7,0.3495736886650489
HB_HOUSTON,9,Friday,8,0.36078032078141287
HB_HOUSTON,9,Friday,9,0.38564112117713
HB_HOUSTON,9,Friday,10,0.42677707345981075
HB_HOUSTON,9,Friday,11,0.4874836790772596
HB_HOUSTON,9,Friday,12,0.5812223869259171
HB_HOUSTON,9,Friday,13,1.0996375269606387
HB_HOUSTON,9,Friday,14,2.7635188632126
HB_HOUSTON,9,Friday,15,4.798702998552998
HB_HOUSTON,9,Friday,16,5.214205988112426
HB_HOUSTON,9,Friday,17,2.5165297020718937
HB_HOUSTON,9,Friday,18,0.7831826642491091
HB_HOUSTON,9,Friday,19,0.49928774128065245
HB_HOUSTON,9,Friday,20,0.4627770541878725
HB_HOUSTON,9,Friday,21,0.4191453858964744
HB_HOUSTON,9,Friday,22,0.3817481896422968
HB_HOUSTON,9,Friday,23,0.35534563418327936
HB_HOUSTON,9,Monday,0,0.5929891534251907
HB_HOUSTON,9,Monday,1,0.5610000685345347
HB_HOUSTON,9,Monday,2,0.5327921993519942
HB_HOUSTON,9,Monday,3,0.5237361877310579
HB_HOUSTON,9,Monday,4,0.5323762656241015
HB_HOUSTON,9,Monday,5,0.5667853285679512
HB_HOUSTON,9,Monday,6,0.6366054766183012
HB_HOUSTON,9,Monday,7,0.6377020291736547
HB_HOUSTON,9,Monday,8,0.6623177434334856
HB_HOUSTON,9,Monday,9,0.72408390202555
HB_HOUSTON,9,Monday,10,0.8102956201705801
HB_HOUSTON,9,Monday,11,0.928817826541456
HB_HOUSTON,9,Monday,12,1.1406982487456998
HB_HOUSTON,9,Monday,13,1.610589924793195
HB_HOUSTON,9,Monday,14,1.9666670080264181
HB_HOUSTON,9,Monday,15,2.4597375363646603
HB_HOUSTON,9,Monday,16,2.4733121007567944
HB_HOUSTON,9,Monday,17,1.4732372641959048
HB_HOUSTON,9,Monday,18,1.1023378153868695
HB_HOUSTON,9,Monday,19,1.0123259754551834
HB_HOUSTON,9,Monday,20,0.9121804774257484
HB_HOUSTON,9,Monday,21,0.7829385245223655
HB_HOUSTON,9,Monday,22,0.7135910284355299
HB_HOUSTON,9,Monday,23,0.6428822946937728
HB_HOUSTON,9,Saturday,0,0.7123347017927505
HB_HOUSTON,9,Saturday,1,0.6632970932271574
HB_HOUSTON,9,Saturday,2,0.6295257153466879
HB_HOUSTON,9,Saturday,3,0.6122790006807913
HB_HOUSTON,9,Saturday,4,0.609617725331628
HB_HOUSTON,9,Saturday,5,0.6143420048274297
HB_HOUSTON,9,Saturday,6,0.6609452684999897
HB_HOUSTON,9,Saturday,7,0.6700224867451983
HB_HOUSTON,9,Saturday,8,0.7191013553937243
HB_HOUSTON,9,Saturday,9,0.7997235574443504
HB_HOUSTON,9,Saturday,10,0.8972211334144781
HB_HOUSTON,9,Saturday,11,1.0348441400367214
HB_HOUSTON,9,Saturday,12,1.1791719101355393
HB_HOUSTON,9,Saturday,13,1.422771439770594
HB_HOUSTON,9,Saturday,14,1.686258329379242
HB_HOUSTON,9,Saturday,15,2.0139871681142076
HB_HOUSTON,9,Saturday,16,1.9905514410083964
HB_HOUSTON,9,Saturday,17,1.425453345161224
HB_HOUSTON,9,Saturday,18,1.13324943783137
HB_HOUSTON,9,Saturday,19,1.0570214346130835
HB_HOUSTON,9,Saturday,20,1.010975182060116
HB_HOUSTON,9,Saturday,21,0.903513296061725
HB_HOUSTON,9,Saturday,22,0.8053349287232067
HB_HOUSTON,9,Saturday,23,0.7484579044003877
HB_HOUSTON,9,Sunday,0,0.6856768855753538
HB_HOUSTON,9,Sunday,1,0.6474539435869251
HB_HOUSTON,9,Sunday,2,0.625603631649388
HB_HOUSTON,9,Sunday,3,0.6097143264708473
HB_HOUSTON,9,Sunday,4,0.602303345094798
HB_HOUSTON,9,Sunday,5,0.6045185840930736
HB_HOUSTON,9,Sunday,6,0.626691112612178
HB_HOUSTON,9,Sunday,7,0.6319069935262996
HB_HOUSTON,9,Sunday,8,0.6747013832657155
HB_HOUSTON,9,Sunday,9,0.7404939815145019
HB_HOUSTON,9,Sunday,10,0.8139190850391652
HB_HOUSTON,9,Sunday,11,0.9393620279506102
HB_HOUSTON,9,Sunday,12,1.129469811075356
HB_HOUSTON,9,Sunday,13,1.3876458470562076
HB_HOUSTON,9,Sunday,14,1.6872267137684656
HB_HOUSTON,9,Sunday,15,2.122279514493453
HB_HOUSTON,9,Sunday,16,2.1942143663283673
HB_HOUSTON,9,Sunday,17,1.5066847354090012
HB_HOUSTON,9,Sunday,18,1.2004581517019162
HB_HOUSTON,9,Sunday,19,1.098456465099497
HB_HOUSTON,9,Sunday,20,1.022332797704207
HB_HOUSTON,9,Sunday,21,0.9048647151865542
HB_HOUSTON,9,Sunday,22,0.8086830655886955
HB_HOUSTON,9,Sunday,23,0.7353385162094239
HB_HOUSTON,9,Thursday,0,0.2590427376359933
HB_HOUSTON,9,Thursday,1,0.24217090719951453
HB_HOUSTON,9,Thursday,2,0.2305898097178276
HB_HOUSTON,9,Thursday,3,0.22142245676390276
HB_HOUSTON,9,Thursday,4,0.230378505483074
HB_HOUSTON,9,Thursday,5,0.2477460881626284
HB_HOUSTON,9,Thursday,6,0.2812378093710719
HB_HOUSTON,9,Thursday,7,0.2826275410688744
HB_HOUSTON,9,Thursday,8,0.29038078106714055
HB_HOUSTON,9,Thursday,9,0.3095850851718608
HB_HOUSTON,9,Thursday,10,0.34513295912617575
HB_HOUSTON,9,Thursday,11,0.4091256339127043
HB_HOUSTON,9,Thursday,12,0.49691441636686756
HB_HOUSTON,9,Thursday,13,1.1129150231892853
HB_HOUSTON,9,Thursday,14,3.0808888864808637
HB_HOUSTON,9,Thursday,15,5.092358913787873
HB_HOUSTON,9,Thursday,16,5.7788132287287075
HB_HOUSTON,9,Thursday,17,2.5879161068007455
HB_HOUSTON,9,Thursday,18,0.7546080577348186
HB_HOUSTON,9,Thursday,19,0.4266476312253478
HB_HOUSTON,9,Thursday,20,0.3908559446924711
HB_HOUSTON,9,Thursday,21,0.34247540201985177
HB_HOUSTON,9,Thursday,22,0.3072038489879069
HB_HOUSTON,9,Thursday,23,0.2789622253044948
HB_HOUSTON,9,Tuesday,0,0.5433358239631901
HB_HOUSTON,9,Tuesday,1,0.5138298089785314
HB_HOUSTON,9,Tuesday,2,0.48810288950914904
HB_HOUSTON,9,Tuesday,3,0.48018132390981955
HB_HOUSTON,9,Tuesday,4,0.4900832809089815
HB_HOUSTON,9,Tuesday,5,0.5240588030895923
HB_HOUSTON,9,Tuesday,6,0.6016574422518322
HB_HOUSTON,9,Tuesday,7,0.6011123803986673
HB_HOUSTON,9,Tuesday,8,0.6168283304982547
HB_HOUSTON,9,Tuesday,9,0.674586718205293
HB_HOUSTON,9,Tuesday,10,0.7568728893047508
HB_HOUSTON,9,Tuesday,11,0.8602166166648119
HB_HOUSTON,9,Tuesday,12,1.0277141241423793
HB_HOUSTON,9,Tuesday,13,1.5989026088022946
HB_HOUSTON,9,Tuesday,14,2.134516723178982
HB_HOUSTON,9,Tuesday,15,2.86598973012625
HB_HOUSTON,9,Tuesday,16,2.993152660469616
HB_HOUSTON,9,Tuesday,17,1.633568542663581
HB_HOUSTON,9,Tuesday,18,0.9523865760349929
HB_HOUSTON,9,Tuesday,19,0.8751694801699684
HB_HOUSTON,9,Tuesday,20,0.8050018509392097
HB_HOUSTON,9,Tuesday,21,0.7192999588932518
HB_HOUSTON,9,Tuesday,22,0.6529114251777697
HB_HOUSTON,9,Tuesday,23,0.5905200117188298
HB_HOUSTON,9,Wednesday,0,0.5172739253543731
HB_HOUSTON,9,Wednesday,1,0.48886317868063134
HB_HOUSTON,9,Wednesday,2,0.4706649906703839
HB_HOUSTON,9,Wednesday,3,0.4568684676377586
HB_HOUSTON,9,Wednesday,4,0.46755076920400324
HB_HOUSTON,9,Wednesday,5,0.49904094157355167
HB_HOUSTON,9,Wednesday,6,0.5610818005071483
HB_HOUSTON,9,Wednesday,7,0.5579849769260546
HB_HOUSTON,9,Wednesday,8,0.5754176579836721
HB_HOUSTON,9,Wednesday,9,0.6176771213459005
HB_HOUSTON,9,Wednesday,10,0.6787784944739966
HB_HOUSTON,9,Wednesday,11,0.787689256370888
HB_HOUSTON,9,Wednesday,12,0.9191476775997878
HB_HOUSTON,9,Wednesday,13,1.302388294702779
HB_HOUSTON,9,Wednesday,14,1.9429262373158542
HB_HOUSTON,9,Wednesday,15,3.1468077055233934
HB_HOUSTON,9,Wednesday,16,4.060753415422354
HB_HOUSTON,9,Wednesday,17,1.5294132998134078
HB_HOUSTON,9,Wednesday,18,0.9137195373902303
HB_HOUSTON,9,Wednesday,19,0.861873839234841
HB_HOUSTON,9,Wednesday,20,0.782000147882025
HB_HOUSTON,9,Wednesday,21,0.6765341672719681
HB_HOUSTON,9,Wednesday,22,0.6202694062536698
HB_HOUSTON,9,Wednesday,23,0.5652746908613259
HB_HOUSTON,10,Friday,0,0.6999827157765292
HB_HOUSTON,10,Friday,1,0.629939108530756
HB_HOUSTON,10,Friday,2,0.593534567030202
HB_HOUSTON,10,Friday,3,0.5835607200437489
HB_HOUSTON,10,Friday,4,0.6080193129946193
HB_HOUSTON,10,Friday,5,0.6911875961612023
HB_HOUSTON,10,Friday,6,0.8480036721891178
HB_HOUSTON,10,Friday,7,0.818218138234119
HB_HOUSTON,10,Friday,8,0.8333602513862797
HB_HOUSTON,10,Friday,9,0.8596549388960198
HB_HOUSTON,10,Friday,10,0.9186593109545141
HB_HOUSTON,10,Friday,11,0.9677578395287357
HB_HOUSTON,10,Friday,12,1.0848598702833194
HB_HOUSTON,10,Friday,13,1.2975294894353726
HB_HOUSTON,10,Friday,14,1.5837335622784572
HB_HOUSTON,10,Friday,15,2.0442079433757505
HB_HOUSTON,10,Friday,16,1.9157039920889258
HB_HOUSTON,10,Friday,17,1.25387124103558
HB_HOUSTON,10,Friday,18,1.1224431391549998
HB_HOUSTON,10,Friday,19,1.1219671146397372
HB_HOUSTON,10,Friday,20,0.9986540973526803
HB_HOUSTON,10,Friday,21,0.8869243432703451
HB_HOUSTON,10,Friday,22,0.8537386342063282
HB_HOUSTON,10,Friday,23,0.7844884011526593
HB_HOUSTON,10,Monday,0,0.6499047092769522
HB_HOUSTON,10,Monday,1,0.5932765879955666
HB_HOUSTON,10,Monday,2,0.5384946263567547
HB_HOUSTON,10,Monday,3,0.5661116675405574
HB_HOUSTON,10,Monday,4,0.6026015780269326
HB_HOUSTON,10,Monday,5,0.676203065001774
HB_HOUSTON,10,Monday,6,0.8028910608824518
HB_HOUSTON,10,Monday,7,0.7957701594039542
HB_HOUSTON,10,Monday,8,0.7983321768671172
HB_HOUSTON,10,Monday,9,0.826514368961912
HB_HOUSTON,10,Monday,10,0.8852523869776672
HB_HOUSTON,10,Monday,11,0.9703829525367426
HB_HOUSTON,10,Monday,12,1.0747663257969413
HB_HOUSTON,10,Monday,13,1.4039478930860063
HB_HOUSTON,10,Monday,14,1.7215815434271378
HB_HOUSTON,10,Monday,15,2.047843164342745
HB_HOUSTON,10,Monday,16,1.9897644890564805
HB_HOUSTON,10,Monday,17,1.3903465944948021
HB_HOUSTON,10,Monday,18,1.1726693019444332
HB_HOUSTON,10,Monday,19,1.085089749104393
HB_HOUSTON,10,Monday,20,0.981346880209985
HB_HOUSTON,10,Monday,21,0.8810137551452281
HB_HOUSTON,10,Monday,22,0.8196760429389103
HB_HOUSTON,10,Monday,23,0.7262189206245546
HB_HOUSTON,10,Saturday,0,0.6946009191855679
HB_HOUSTON,10,Saturday,1,0.6032203906214549
HB_HOUSTON,10,Saturday,2,0.558687211133943
HB_HOUSTON,10,Saturday,3,0.5292058573771448
HB_HOUSTON,10,Saturday,4,0.5300615167210097
HB_HOUSTON,10,Saturday,5,0.5524836808909228
HB_HOUSTON,10,Saturday,6,0.6441364647008109
HB_HOUSTON,10,Saturday,7,0.6744345841949347
HB_HOUSTON,10,Saturday,8,0.7458432458011109
HB_HOUSTON,10,Saturday,9,0.815073865441086
HB_HOUSTON,10,Saturday,10,0.8714890417263574
HB_HOUSTON,10,Saturday,11,0.9543907640649004
HB_HOUSTON,10,Saturday,12,1.0744747742550254
HB_HOUSTON,10,Saturday,13,1.2442064731925815
HB_HOUSTON,10,Saturday,14,1.5623950682906906
HB_HOUSTON,10,Saturday,15,2.375874295863665
HB_HOUSTON,10,Saturday,16,2.5108545573583463
HB_HOUSTON,10,Saturday,17,1.658053893574128
HB_HOUSTON,10,Saturday,18,1.1464473931560217
HB_HOUSTON,10,Saturday,19,1.0564864812305936
HB_HOUSTON,10,Saturday,20,0.9160611148204088
HB_HOUSTON,10,Saturday,21,0.8377682848567742
HB_HOUSTON,10,Saturday,22,0.7667291125127214
HB_HOUSTON,10,Saturday,23,0.677021009029799
HB_HOUSTON,10,Sunday,0,0.7373844747390179
HB_HOUSTON,10,Sunday,1,0.6700435205369215
HB_HOUSTON,10,Sunday,2,0.6215851258794544
HB_HOUSTON,10,Sunday,3,0.5788530726491086
HB_HOUSTON,10,Sunday,4,0.5800640194025141
HB_HOUSTON,10,Sunday,5,0.6085520548894113
HB_HOUSTON,10,Sunday,6,0.6772681520148666
HB_HOUSTON,10,Sunday,7,0.7018975775078613
HB_HOUSTON,10,Sunday,8,0.7932522215656277
HB_HOUSTON,10,Sunday,9,0.8630150692745352
HB_HOUSTON,10,Sunday,10,0.9046798474001847
HB_HOUSTON,10,Sunday,11,0.9977790757637047
HB_HOUSTON,10,Sunday,12,1.0943469482174881
HB_HOUSTON,10,Sunday,13,1.3477221629766714
HB_HOUSTON,10,Sunday,14,1.7523015257415981
HB_HOUSTON,10,Sunday,15,2.0563928324951064
HB_HOUSTON,10,Sunday,16,1.9330609843389353
HB_HOUSTON,10,Sunday,17,1.3615762148164807
HB_HOUSTON,10,Sunday,18,1.168337847302693
HB_HOUSTON,10,Sunday,19,1.0933822957190125
HB_HOUSTON,10,Sunday,20,0.984663906688685
HB_HOUSTON,10,Sunday,21,0.9095646834562953
HB_HOUSTON,10,Sunday,22,0.8292317073066441
HB_HOUSTON,10,Sunday,23,0.7350446793171834
HB_HOUSTON,10,Thursday,0,0.5699427597467782
HB_HOUSTON,10,Thursday,1,0.5188772093375884
HB_HOUSTON,10,Thursday,2,0.488214292232763
HB_HOUSTON,10,Thursday,3,0.47175403398473315
HB_HOUSTON,10,Thursday,4,0.494161550330567
HB_HOUSTON,10,Thursday,5,0.5702965626364492
HB_HOUSTON,10,Thursday,6,0.7805902611542679
HB_HOUSTON,10,Thursday,7,0.7366344640518012
HB_HOUSTON,10,Thursday,8,0.6864113014751615
HB_HOUSTON,10,Thursday,9,0.7128454316605851
HB_HOUSTON,10,Thursday,10,0.7639783730963791
HB_HOUSTON,10,Thursday,11,0.8530356147535806
HB_HOUSTON,10,Thursday,12,1.0199463398950666
HB_HOUSTON,10,Thursday,13,1.4036876931349604
HB_HOUSTON,10,Thursday,14,1.8583244063622744
HB_HOUSTON,10,Thursday,15,2.7415848965477543
HB_HOUSTON,10,Thursday,16,2.9137689695210045
HB_HOUSTON,10,Thursday,17,1.521655685205283
HB_HOUSTON,10,Thursday,18,1.0073442179201164
HB_HOUSTON,10,Thursday,19,1.0124996314553232
HB_HOUSTON,10,Thursday,20,0.8519405105712653
HB_HOUSTON,10,Thursday,21,0.7386056515799686
HB_HOUSTON,10,Thursday,22,0.6830080546316589
HB_HOUSTON,10,Thursday,23,0.6008920887146706
HB_HOUSTON,10,Tuesday,0,0.6455578659440782
HB_HOUSTON,10,Tuesday,1,0.5688305409095668
HB_HOUSTON,10,Tuesday,2,0.5317953727126965
HB_HOUSTON,10,Tuesday,3,0.5343258380848595
HB_HOUSTON,10,Tuesday,4,0.5603715566654792
HB_HOUSTON,10,Tuesday,5,0.6668679993282217
HB_HOUSTON,10,Tuesday,6,0.834963199050473
HB_HOUSTON,10,Tuesday,7,0.7992113382923425
HB_HOUSTON,10,Tuesday,8,0.8086282844273203
HB_HOUSTON,10,Tuesday,9,0.8538332408257451
HB_HOUSTON,10,Tuesday,10,0.9443154526332279
HB_HOUSTON,10,Tuesday,11,1.010649794889213
HB_HOUSTON,10,Tuesday,12,1.1042408641539248
HB_HOUSTON,10,Tuesday,13,1.3485934453415713
HB_HOUSTON,10,Tuesday,14,1.615214121804252
HB_HOUSTON,10,Tuesday,15,2.045393235071949
HB_HOUSTON,10,Tuesday,16,2.0828079730746434
HB_HOUSTON,10,Tuesday,17,1.2998819869274352
HB_HOUSTON,10,Tuesday,18,1.1941989081343165
HB_HOUSTON,10,Tuesday,19,1.1439149462389075
HB_HOUSTON,10,Tuesday,20,0.9816578916252894
HB_HOUSTON,10,Tuesday,21,0.8842169000443585
HB_HOUSTON,10,Tuesday,22,0.8152436439002605
HB_HOUSTON,10,Tuesday,23,0.7252855999198686
HB_HOUSTON,10,Wednesday,0,0.5915614188067847
HB_HOUSTON,10,Wednesday,1,0.5406430198869231
HB_HOUSTON,10,Wednesday,2,0.5090827262242975
HB_HOUSTON,10,Wednesday,3,0.5088802002756604
HB_HOUSTON,10,Wednesday,4,0.5260611515850468
HB_HOUSTON,10,Wednesday,5,0.6041686591094484
HB_HOUSTON,10,Wednesday,6,0.7481477314280893
HB_HOUSTON,10,Wednesday,7,0.7064948946583781
HB_HOUSTON,10,Wednesday,8,0.7058535624876937
HB_HOUSTON,10,Wednesday,9,0.7361311918089505
HB_HOUSTON,10,Wednesday,10,0.7813788641669714
HB_HOUSTON,10,Wednesday,11,0.8404151781947062
HB_HOUSTON,10,Wednesday,12,0.963314674692695
HB_HOUSTON,10,Wednesday,13,1.295474107620039
HB_HOUSTON,10,Wednesday,14,1.6307389384264859
HB_HOUSTON,10,Wednesday,15,2.643149278501308
HB_HOUSTON,10,Wednesday,16,3.0657534246575344
HB_HOUSTON,10,Wednesday,17,1.6384011701499255
HB_HOUSTON,10,Wednesday,18,1.0373379089195804
HB_HOUSTON,10,Wednesday,19,0.9642260414615623
HB_HOUSTON,10,Wednesday,20,0.8610559477933111
HB_HOUSTON,10,Wednesday,21,0.7762650839638829
HB_HOUSTON,10,Wednesday,22,0.6957272650558354
HB_HOUSTON,10,Wednesday,23,0.629737560124891
HB_HOUSTON,11,Friday,0,0.7377047404063206
HB_HOUSTON,11,Friday,1,0.6755539503386004
HB_HOUSTON,11,Friday,2,0.649159367945824
HB_HOUSTON,11,Friday,3,0.6712198645598195
HB_HOUSTON,11,Friday,4,0.7065426636568849
HB_HOUSTON,11,Friday,5,0.8286338600451467
HB_HOUSTON,11,Friday,6,1.3355051918735894
HB_HOUSTON,11,Friday,7,1.2037056433408577
HB_HOUSTON,11,Friday,8,1.0474401805869076
HB_HOUSTON,11,Friday,9,1.052814446952596
HB_HOUSTON,11,Friday,10,1.0362799097065463
HB_HOUSTON,11,Friday,11,1.0597706546275396
HB_HOUSTON,11,Friday,12,1.0609408577878103
HB_HOUSTON,11,Friday,13,1.1339051918735892
HB_HOUSTON,11,Friday,14,1.1716550790067721
HB_HOUSTON,11,Friday,15,1.2186582392776524
HB_HOUSTON,11,Friday,16,1.1346853273137698
HB_HOUSTON,11,Friday,17,1.486678103837472
HB_HOUSTON,11,Friday,18,1.2275864559819414
HB_HOUSTON,11,Friday,19,1.059683972911964
HB_HOUSTON,11,Friday,20,0.9596099322799096
HB_HOUSTON,11,Friday,21,0.9079693002257336
HB_HOUSTON,11,Friday,22,0.8470320541760723
HB_HOUSTON,11,Friday,23,0.7872650112866817
HB_HOUSTON,11,Monday,0,0.5989758179231863
HB_HOUSTON,11,Monday,1,0.5528876244665718
HB_HOUSTON,11,Monday,2,0.5521804511278195
HB_HOUSTON,11,Monday,3,0.5841739483844748
HB_HOUSTON,11,Monday,4,0.6383092867303394
HB_HOUSTON,11,Monday,5,0.7770615728510466
HB_HOUSTON,11,Monday,6,1.1597886608412926
HB_HOUSTON,11,Monday,7,1.0714163787848
HB_HOUSTON,11,Monday,8,1.0079902458849828
HB_HOUSTON,11,Monday,9,1.0031619589514327
HB_HOUSTON,11,Monday,10,1.0338142653932128
HB_HOUSTON,11,Monday,11,1.0462263767526927
HB_HOUSTON,11,Monday,12,1.1057020930705141
HB_HOUSTON,11,Monday,13,1.2058036984352776
HB_HOUSTON,11,Monday,14,1.3231457020930706
HB_HOUSTON,11,Monday,15,1.3153424100792521
HB_HOUSTON,11,Monday,16,1.2994432026010974
HB_HOUSTON,11,Monday,17,1.6408859987807356
HB_HOUSTON,11,Monday,18,1.3545783377362326
HB_HOUSTON,11,Monday,19,1.1053606990449096
HB_HOUSTON,11,Monday,20,1.0112578744157692
HB_HOUSTON,11,Monday,21,0.9441007925218453
HB_HOUSTON,11,Monday,22,0.894306035358667
HB_HOUSTON,11,Monday,23,0.7740865677707783
HB_HOUSTON,11,Saturday,0,0.8128039525608952
HB_HOUSTON,11,Saturday,1,0.7240471878827212
HB_HOUSTON,11,Saturday,2,0.6752096134320078
HB_HOUSTON,11,Saturday,3,0.6836255534736688
HB_HOUSTON,11,Saturday,4,0.7151539258685481
HB_HOUSTON,11,Saturday,5,0.7736635508149018
HB_HOUSTON,11,Saturday,6,0.9467555713732427
HB_HOUSTON,11,Saturday,7,1.0345576921063926
HB_HOUSTON,11,Saturday,8,1.17639768456973
HB_HOUSTON,11,Saturday,9,1.271736468026755
HB_HOUSTON,11,Saturday,10,1.1377597270053281
HB_HOUSTON,11,Saturday,11,1.0903289962630716
HB_HOUSTON,11,Saturday,12,1.0657343535741577
HB_HOUSTON,11,Saturday,13,1.08133524541258
HB_HOUSTON,11,Saturday,14,1.1278615766279716
HB_HOUSTON,11,Saturday,15,1.1357248280698817
HB_HOUSTON,11,Saturday,16,1.13642824992411
HB_HOUSTON,11,Saturday,17,1.4456826436938022
HB_HOUSTON,11,Saturday,18,1.2447803376843602
HB_HOUSTON,11,Saturday,19,1.1118587294442759
HB_HOUSTON,11,Saturday,20,0.9973768226686066
HB_HOUSTON,11,Saturday,21,0.9401233081762322
HB_HOUSTON,11,Saturday,22,0.8767399746684391
HB_HOUSTON,11,Saturday,23,0.7943140066783205
HB_HOUSTON,11,Sunday,0,0.788863811112027
HB_HOUSTON,11,Sunday,1,0.7349125934724265
HB_HOUSTON,11,Sunday,2,0.7030187797296794
HB_HOUSTON,11,Sunday,3,0.7042381693799968
HB_HOUSTON,11,Sunday,4,0.7244258424796965
HB_HOUSTON,11,Sunday,5,0.7639611646977664
HB_HOUSTON,11,Sunday,6,0.8696416010586109
HB_HOUSTON,11,Sunday,7,0.8992321232396474
HB_HOUSTON,11,Sunday,8,0.9781672799368628
HB_HOUSTON,11,Sunday,9,1.048078953221729
HB_HOUSTON,11,Sunday,10,1.0197620157865797
HB_HOUSTON,11,Sunday,11,1.023582770024241
HB_HOUSTON,11,Sunday,12,1.0625219461910445
HB_HOUSTON,11,Sunday,13,1.08745169015309
HB_HOUSTON,11,Sunday,14,1.1273934755879322
HB_HOUSTON,11,Sunday,15,1.156143973787639
HB_HOUSTON,11,Sunday,16,1.131620693042366
HB_HOUSTON,11,Sunday,17,1.6663095059326694
HB_HOUSTON,11,Sunday,18,1.434056423868875
HB_HOUSTON,11,Sunday,19,1.1791497918569611
HB_HOUSTON,11,Sunday,20,1.0878852509176473
HB_HOUSTON,11,Sunday,21,1.0190303819963893
HB_HOUSTON,11,Sunday,22,0.9431572481988599
HB_HOUSTON,11,Sunday,23,0.847394514327264
HB_HOUSTON,11,Thursday,0,0.7481318935567951
HB_HOUSTON,11,Thursday,1,0.6946210825798848
HB_HOUSTON,11,Thursday,2,0.6658809834536561
HB_HOUSTON,11,Thursday,3,0.6798063748793457
HB_HOUSTON,11,Thursday,4,0.6910204361987875
HB_HOUSTON,11,Thursday,5,0.8178022319669435
HB_HOUSTON,11,Thursday,6,1.2035268982022074
HB_HOUSTON,11,Thursday,7,1.053080613266719
HB_HOUSTON,11,Thursday,8,1.012605877440649
HB_HOUSTON,11,Thursday,9,1.0741856068137534
HB_HOUSTON,11,Thursday,10,1.0742289880954532
HB_HOUSTON,11,Thursday,11,1.0662685229035092
HB_HOUSTON,11,Thursday,12,1.0642729839453107
HB_HOUSTON,11,Thursday,13,1.1207120314369687
HB_HOUSTON,11,Thursday,14,1.1676722688771841
HB_HOUSTON,11,Thursday,15,1.19996963310281
HB_HOUSTON,11,Thursday,16,1.1490833896687478
HB_HOUSTON,11,Thursday,17,1.5197981324358227
HB_HOUSTON,11,Thursday,18,1.29430223015939
HB_HOUSTON,11,Thursday,19,1.094661571776138
HB_HOUSTON,11,Thursday,20,0.9957305588593616
HB_HOUSTON,11,Thursday,21,0.9556028732868912
HB_HOUSTON,11,Thursday,22,0.8630272181391598
HB_HOUSTON,11,Thursday,23,0.7940075989545111
HB_HOUSTON,11,Tuesday,0,0.5455478194597194
HB_HOUSTON,11,Tuesday,1,0.514256994820452
HB_HOUSTON,11,Tuesday,2,0.4907367944091783
HB_HOUSTON,11,Tuesday,3,0.5198818434573376
HB_HOUSTON,11,Tuesday,4,0.5831301414632072
HB_HOUSTON,11,Tuesday,5,0.7550421820246157
HB_HOUSTON,11,Tuesday,6,1.4457319290887138
HB_HOUSTON,11,Tuesday,7,1.3025691148936098
HB_HOUSTON,11,Tuesday,8,1.0739710997360314
HB_HOUSTON,11,Tuesday,9,1.0218475023675577
HB_HOUSTON,11,Tuesday,10,1.0299514509592191
HB_HOUSTON,11,Tuesday,11,1.0246599266860008
HB_HOUSTON,11,Tuesday,12,1.0570340555071869
HB_HOUSTON,11,Tuesday,13,1.1425317547878486
HB_HOUSTON,11,Tuesday,14,1.2413207630697438
HB_HOUSTON,11,Tuesday,15,1.245278989888293
HB_HOUSTON,11,Tuesday,16,1.2064467015210527
HB_HOUSTON,11,Tuesday,17,1.6856213070655217
HB_HOUSTON,11,Tuesday,18,1.4383154619971164
HB_HOUSTON,11,Tuesday,19,1.1876138749738505
HB_HOUSTON,11,Tuesday,20,1.0434719204604739
HB_HOUSTON,11,Tuesday,21,0.9024965474019363
HB_HOUSTON,11,Tuesday,22,0.8205612522579687
HB_HOUSTON,11,Tuesday,23,0.7219805717033657
HB_HOUSTON,11,Wednesday,0,0.7106055254793019
HB_HOUSTON,11,Wednesday,1,0.654517851589063
HB_HOUSTON,11,Wednesday,2,0.6221303827562031
HB_HOUSTON,11,Wednesday,3,0.6309230744901241
HB_HOUSTON,11,Wednesday,4,0.6851973874951899
HB_HOUSTON,11,Wednesday,5,0.8203349446239648
HB_HOUSTON,11,Wednesday,6,1.3903628303189723
HB_HOUSTON,11,Wednesday,7,1.2197382223791928
HB_HOUSTON,11,Wednesday,8,1.1038939816449924
HB_HOUSTON,11,Wednesday,9,1.0537946157941624
HB_HOUSTON,11,Wednesday,10,1.0060146650290192
HB_HOUSTON,11,Wednesday,11,0.9744917054553697
HB_HOUSTON,11,Wednesday,12,0.9859200961502982
HB_HOUSTON,11,Wednesday,13,1.0470050552706074
HB_HOUSTON,11,Wednesday,14,1.0474689382877445
HB_HOUSTON,11,Wednesday,15,1.1021860487182595
HB_HOUSTON,11,Wednesday,16,1.1207202838120642
HB_HOUSTON,11,Wednesday,17,1.625214150540582
HB_HOUSTON,11,Wednesday,18,1.393061786055044
HB_HOUSTON,11,Wednesday,19,1.1186328102349463
HB_HOUSTON,11,Wednesday,20,1.0351549527419177
HB_HOUSTON,11,Wednesday,21,0.9714553802522892
HB_HOUSTON,11,Wednesday,22,0.8722687569516561
HB_HOUSTON,11,Wednesday,23,0.8089065539290365
HB_HOUSTON,12,Friday,0,0.7896301085584975
HB_HOUSTON,12,Friday,1,0.7650345128993206
HB_HOUSTON,12,Friday,2,0.7431009752347078
HB_HOUSTON,12,Friday,3,0.748880143872479
HB_HOUSTON,12,Friday,4,0.7775484607370148
HB_HOUSTON,12,Friday,5,0.9071702077030933
HB_HOUSTON,12,Friday,6,1.4674765339777387
HB_HOUSTON,12,Friday,7,1.3095277596336068
HB_HOUSTON,12,Friday,8,1.1129222627872164
HB_HOUSTON,12,Friday,9,1.0754941824362951
HB_HOUSTON,12,Friday,10,1.014175838031594
HB_HOUSTON,12,Friday,11,1.0001829690858088
HB_HOUSTON,12,Friday,12,0.9679879941942866
HB_HOUSTON,12,Friday,13,0.9471238302539858
HB_HOUSTON,12,Friday,14,0.9043716339139363
HB_HOUSTON,12,Friday,15,0.8981829178923858
HB_HOUSTON,12,Friday,16,0.9502409408971932
HB_HOUSTON,12,Friday,17,1.5705459588954735
HB_HOUSTON,12,Friday,18,1.2794260269258444
HB_HOUSTON,12,Friday,19,1.1006130886414118
HB_HOUSTON,12,Friday,20,1.0083284114965259
HB_HOUSTON,12,Friday,21,0.9705135363942576
HB_HOUSTON,12,Friday,22,0.870174427368383
HB_HOUSTON,12,Friday,23,0.821347278168944
HB_HOUSTON,12,Monday,0,0.7549018455867799
HB_HOUSTON,12,Monday,1,0.7052909110793958
HB_HOUSTON,12,Monday,2,0.6901277964223509
HB_HOUSTON,12,Monday,3,0.7107357491035993
HB_HOUSTON,12,Monday,4,0.7739913175441467
HB_HOUSTON,12,Monday,5,0.9117175192001945
HB_HOUSTON,12,Monday,6,1.6035807221641245
HB_HOUSTON,12,Monday,7,1.463706954912873
HB_HOUSTON,12,Monday,8,1.2077778751935386
HB_HOUSTON,12,Monday,9,1.1620499128229371
HB_HOUSTON,12,Monday,10,1.0533483855747947
HB_HOUSTON,12,Monday,11,0.9826305690054585
HB_HOUSTON,12,Monday,12,0.9403300345544751
HB_HOUSTON,12,Monday,13,0.9149930990474245
HB_HOUSTON,12,Monday,14,0.892844973060525
HB_HOUSTON,12,Monday,15,0.8767056922238422
HB_HOUSTON,12,Monday,16,0.9146460177391087
HB_HOUSTON,12,Monday,17,1.5087841398303823
HB_HOUSTON,12,Monday,18,1.2864351766905977
HB_HOUSTON,12,Monday,19,1.0847592439773712
HB_HOUSTON,12,Monday,20,0.994865185123589
HB_HOUSTON,12,Monday,21,0.933214867734002
HB_HOUSTON,12,Monday,22,0.8535163223119954
HB_HOUSTON,12,Monday,23,0.7790456890964951
HB_HOUSTON,12,Saturday,0,0.7939732767242338
HB_HOUSTON,12,Saturday,1,0.7466116924869047
HB_HOUSTON,12,Saturday,2,0.7239884891424718
HB_HOUSTON,12,Saturday,3,0.7306558966321929
HB_HOUSTON,12,Saturday,4,0.7771438205777653
HB_HOUSTON,12,Saturday,5,0.8376103091914427
HB_HOUSTON,12,Saturday,6,0.9638772124105743
HB_HOUSTON,12,Saturday,7,1.0609684600970988
HB_HOUSTON,12,Saturday,8,1.1644052404290133
HB_HOUSTON,12,Saturday,9,1.164336267248085
HB_HOUSTON,12,Saturday,10,1.1158021389349775
HB_HOUSTON,12,Saturday,11,1.0792923351636772
HB_HOUSTON,12,Saturday,12,1.0204812028922754
HB_HOUSTON,12,Saturday,13,0.9899950569220334
HB_HOUSTON,12,Saturday,14,0.9827298818642685
HB_HOUSTON,12,Saturday,15,0.9690731920404948
HB_HOUSTON,12,Saturday,16,1.0140207149453386
HB_HOUSTON,12,Saturday,17,1.5969590490897454
HB_HOUSTON,12,Saturday,18,1.3219859677895245
HB_HOUSTON,12,Saturday,19,1.1247916435159462
HB_HOUSTON,12,Saturday,20,1.0439090933475368
HB_HOUSTON,12,Saturday,21,1.0075142448777834
HB_HOUSTON,12,Saturday,22,0.9141245579010694
HB_HOUSTON,12,Saturday,23,0.8557502557755459
HB_HOUSTON,12,Sunday,0,0.7827493201019077
HB_HOUSTON,12,Sunday,1,0.7244971650281535
HB_HOUSTON,12,Sunday,2,0.7086000218613747
HB_HOUSTON,12,Sunday,3,0.7198109831919663
HB_HOUSTON,12,Sunday,4,0.7538026179463201
HB_HOUSTON,12,Sunday,5,0.7991621674898938
HB_HOUSTON,12,Sunday,6,0.9259581401388851
HB_HOUSTON,12,Sunday,7,0.9459136513073382
HB_HOUSTON,12,Sunday,8,1.0843241798948224
HB_HOUSTON,12,Sunday,9,1.138585232734886
HB_HOUSTON,12,Sunday,10,1.073113218564231
HB_HOUSTON,12,Sunday,11,1.0204441222331113
HB_HOUSTON,12,Sunday,12,0.9683579958911827
HB_HOUSTON,12,Sunday,13,0.9413844229297792
HB_HOUSTON,12,Sunday,14,0.9286039270129047
HB_HOUSTON,12,Sunday,15,0.9236711040274445
HB_HOUSTON,12,Sunday,16,0.9914974200775238
HB_HOUSTON,12,Sunday,17,1.6858146772037248
HB_HOUSTON,12,Sunday,18,1.4793760352622103
HB_HOUSTON,12,Sunday,19,1.2558294663302132
HB_HOUSTON,12,Sunday,20,1.1885412764240022
HB_HOUSTON,12,Sunday,21,1.0819026122474147
HB_HOUSTON,12,Sunday,22,0.9709365169972187
HB_HOUSTON,12,Sunday,23,0.9071237251034912
HB_HOUSTON,12,Thursday,0,0.6964225263689166
HB_HOUSTON,12,Thursday,1,0.6600343447316535
HB_HOUSTON,12,Thursday,2,0.6414709557231987
HB_HOUSTON,12,Thursday,3,0.6475028261569804
HB_HOUSTON,12,Thursday,4,0.7037838702860625
HB_HOUSTON,12,Thursday,5,0.8357710433289359
HB_HOUSTON,12,Thursday,6,1.3962672159635297
HB_HOUSTON,12,Thursday,7,1.204552215686556
HB_HOUSTON,12,Thursday,8,1.0896019991342007
HB_HOUSTON,12,Thursday,9,1.0891342214270914
HB_HOUSTON,12,Thursday,10,1.0217496117239866
HB_HOUSTON,12,Thursday,11,0.9831210210684617
HB_HOUSTON,12,Thursday,12,0.9575163465740412
HB_HOUSTON,12,Thursday,13,0.9526169905890511
HB_HOUSTON,12,Thursday,14,0.9210296854194918
HB_HOUSTON,12,Thursday,15,0.9083996873275325
HB_HOUSTON,12,Thursday,16,0.9781724253248285
HB_HOUSTON,12,Thursday,17,1.6722560631581969
HB_HOUSTON,12,Thursday,18,1.4459255125551125
HB_HOUSTON,12,Thursday,19,1.2118150800864156
HB_HOUSTON,12,Thursday,20,1.131726612653387
HB_HOUSTON,12,Thursday,21,1.044227561544569
HB_HOUSTON,12,Thursday,22,0.9447386292061525
HB_HOUSTON,12,Thursday,23,0.8621635539616462
HB_HOUSTON,12,Tuesday,0,0.7564968359844386
HB_HOUSTON,12,Tuesday,1,0.7216567273419334
HB_HOUSTON,12,Tuesday,2,0.7080025146103518
HB_HOUSTON,12,Tuesday,3,0.7408017800687773
HB_HOUSTON,12,Tuesday,4,0.7836837826866445
HB_HOUSTON,12,Tuesday,5,0.8992586758612592
HB_HOUSTON,12,Tuesday,6,1.4123606663919896
HB_HOUSTON,12,Tuesday,7,1.2297780886734215
HB_HOUSTON,12,Tuesday,8,1.1206901613339177
HB_HOUSTON,12,Tuesday,9,1.1157581236390584
HB_HOUSTON,12,Tuesday,10,1.0651500718243174
HB_HOUSTON,12,Tuesday,11,1.0143719497442365
HB_HOUSTON,12,Tuesday,12,0.9682829078371011
HB_HOUSTON,12,Tuesday,13,0.9261783692893595
HB_HOUSTON,12,Tuesday,14,0.9016153638238275
HB_HOUSTON,12,Tuesday,15,0.8920671332125969
HB_HOUSTON,12,Tuesday,16,0.9287294232694591
HB_HOUSTON,12,Tuesday,17,1.6112942853353875
HB_HOUSTON,12,Tuesday,18,1.3389631990216913
HB_HOUSTON,12,Tuesday,19,1.1420704232623728
HB_HOUSTON,12,Tuesday,20,1.0680655620872885
HB_HOUSTON,12,Tuesday,21,0.9761061400427403
HB_HOUSTON,12,Tuesday,22,0.8729949677423274
HB_HOUSTON,12,Tuesday,23,0.8056228469155023
HB_HOUSTON,12,Wednesday,0,0.7957394567115661
HB_HOUSTON,12,Wednesday,1,0.7592723877371051
HB_HOUSTON,12,Wednesday,2,0.7506873238462469
HB_HOUSTON,12,Wednesday,3,0.7605432884339391
HB_HOUSTON,12,Wednesday,4,0.8019124029533311
HB_HOUSTON,12,Wednesday,5,0.9205989659882766
HB_HOUSTON,12,Wednesday,6,1.5456746148392788
HB_HOUSTON,12,Wednesday,7,1.3403333736793872
HB_HOUSTON,12,Wednesday,8,1.1564936973700135
HB_HOUSTON,12,Wednesday,9,1.122205315304411
HB_HOUSTON,12,Wednesday,10,1.076764131205367
HB_HOUSTON,12,Wednesday,11,1.0259021665830927
HB_HOUSTON,12,Wednesday,12,0.9838586965919112
HB_HOUSTON,12,Wednesday,13,0.9487922120588591
HB_HOUSTON,12,Wednesday,14,0.9065671848252729
HB_HOUSTON,12,Wednesday,15,0.9069562360589974
HB_HOUSTON,12,Wednesday,16,0.948921895803434
HB_HOUSTON,12,Wednesday,17,1.410699773485726
HB_HOUSTON,12,Wednesday,18,1.2547939757577853
HB_HOUSTON,12,Wednesday,19,1.0779053481576262
HB_HOUSTON,12,Wednesday,20,0.9958933480884616
HB_HOUSTON,12,Wednesday,21,0.9291321563813049
HB_HOUSTON,12,Wednesday,22,0.8353967458025694
HB_HOUSTON,12,Wednesday,23,0.7449553023360366
